1003802
1003862
1003918
1490
1540
1582
1620
1640
1662
1680
1706
1726
1772
1792
1816
1842
1862
1870
1888
1908
1940
1954
1976
1996
2008
2020
2034
2050
2060
2120
2126
2238
2186
2372
2296
2324
2430
2132
2490
2512
753142
2534
2606
2678
2746
2804
2810
2904
3116
3150
2918
2974
3226
2948
3252
3576
3620
3742
3748
3976
4036
4042
4098
4106
4160
4228
4222
4140
4196
4270
4306
4380
4388
4716
4962
4462
5568
5836
4678
4904
4836
4776
5028
4396
4408
5278
5426
5156
4804
5708
5962
4468
4518
4542
4578
4616
4654
5980
6060
6104
6352
6110
6242
6478
6564
6248
6572
6676
6816
6956
6990
7026
7058
7276
7234
7250
7296
1003992
7736
7336
7682
7318
7356
7870
7916
7948
9024
8610
8622
9222
8218
9284
9462
8924
8328
8846
9042
8670
8812
8752
8404
9352
8088
8146
8468
8636
8550
9096
8034
9424
9130
7984
9516
9562
9640
9574
9598
9550
9556
9620
9662
9704
9584
9568
9686
9728
9752
9802
9848
10114
10594
10066
10156
10576
10092
10048
10128
11010
11252
11336
10734
10942
11400
11458
11548
11478
11532
11644
11742
11748
11620
11796
11904
11916
11854
11898
12138
12016
12088
12052
12202
11980
12256
12290
12330
12360
12400
12460
12494
12528
12550
12570
12596
12618
12788
12692
12634
12726
12738
12704
12646
12750
12666
12824
12858
12892
12926
13086
13078
12960
13022
13122
13132
13198
13218
13286
13312
13396
13436
13480
13492
13470
13836
13858
13908
13660
13784
14082
14212
13550
13614
14500
13652
14374
14590
14614
14250
13928
14646
14672
14730
15064
15106
15180
15214
15270
15358
14764
14808
14884
14920
14960
15032
15516
15406
15604
15646
15668
15882
15708
15956
15968
15984
16002
16024
15974
16032
16062
16174
16240
16282
16428
16316
16462
16496
16586
16624
16652
16702
17678
17338
17174
16978
16776
17516
18242
18134
18152
18170
18214
17894
17952
18012
18040
18078
18272
18306
18344
18378
18664
18620
18456
18486
18532
18708
18576
18412
18462
18432
18740
18950
18932
18986
18758
19036
19048
19056
19122
19130
19146
19066
19088
19158
19188
19380
20668
20678
19886
19786
19408
20698
20762
20786
20792
20908
21230
21382
21578
21334
21346
21358
21406
21564
21370
21476
21810
21776
21322
21584
21394
21770
22116
22150
21950
21886
22132
21930
22164
22096
22062
21900
21994
22078
22030
22186
22322
22350
22216
22246
22294
22276
22198
22370
22492
22376
22572
22736
22932
23042
23060
1004020
1004030
1004092
1004044
1004200
1004320
1004280
227002
1004164
1004240
1004398
1004364
1004442
1004128
1004474
23138
23146
23164
23158
23170
23180
25880
24772
24280
25502
23766
25334
23498
24798
23366
23422
23310
24936
24962
23340
24104
23378
24894
24560
24632
24128
26002
23520
25446
26140
25222
24164
24972
26340
24582
24696
23548
26294
25028
23618
25166
24074
25824
23672
23346
23798
23838
26192
23700
23446
25672
23594
25110
25390
24184
24602
24826
23898
25040
24914
25560
24722
26082
25848
24242
23470
23728
25954
26272
24516
23920
24660
23564
25278
24496
25640
25618
26454
24312
25096
24846
25730
26040
26238
25788
26420
23818
23942
23652
26374
23400
26858
26496
26662
26814
27000
27412
27300
27200
27034
27462
27512
27562
27588
27748
27782
27864
34334
33264
30050
28366
28630
28076
32910
32470
28936
33954
27942
33028
31548
28206
29818
32144
33762
33734
31166
29456
31772
32600
30286
34472
31328
28790
34186
28500
34060
34596
29644
31998
33436
30530
30670
34754
34832
34788
34874
35294
34928
35166
34956
35640
35438
35392
35538
35342
35112
35060
35588
35490
35008
35224
35750
35808
35700
35840
35950
35970
35994
36006
36392
36480
36532
36618
36032
36280
36068
36102
36024
36588
36122
36692
36712
36720
36734
36554
36430
36354
36042
36208
36228
36768
36804
36840
36884
36920
36958
36996
37042
37080
37110
37140
37178
37208
37238
37328
37284
37354
37362
37384
37436
37414
37468
37502
37516
37582
37544
37572
37610
37720
37682
37644
37740
37872
38446
38156
38488
38370
38408
37956
38414
38114
38274
38464
38018
37894
38422
38502
38744
38776
38712
38730
38808
38840
38648
38680
38872
38896
38920
38948
38976
39004
39044
39098
39144
39190
39172
39488
39352
39326
39442
39272
39302
39464
39206
39378
39234
39414
39520
39654
39672
39698
39724
39772
39748
39814
39846
39878
39908
40040
40058
40076
40094
40112
40158
40170
40186
40206
40222
40262
40298
40334
40374
40404
40438
40466
40498
40548
40594
40636
40674
40804
40828
40838
40860
40884
40908
40932
41036
41056
41092
40950
40964
40988
41018
41118
41136
41160
41192
41244
41380
41430
41528
41656
41626
41442
41704
41730
41686
41762
41498
41874
41836
41898
41822
41854
41808
41796
41910
1004530
1004508
42042
41932
42092
41982
42140
43136
43482
42530
43384
42764
43460
42300
43576
43270
42558
42702
42496
42742
42882
42378
42224
42846
42646
43360
42896
43548
42162
43074
42362
42406
42186
43586
42936
42456
43702
43422
43522
42600
43320
43220
43304
43178
42328
43412
43652
43254
43120
42788
42258
42668
42440
43626
42284
43996
44200
44272
44286
44320
44534
44236
44330
44074
44378
44362
44580
44038
43746
44562
44460
43826
44110
43800
44064
43940
43876
44218
43762
43924
43846
44510
44102
44444
44252
44406
44164
43980
44660
44620
44698
44742
44830
44860
45416
44972
45468
45058
45134
45282
45674
45204
45494
45384
45260
45734
45442
45048
44960
45320
45218
45006
45084
45712
45176
45156
45758
45518
45572
45616
45788
45810
45872
45826
45896
45936
46132
46258
46280
46310
46342
46180
46202
46238
46430
46352
46530
46604
46568
46580
46594
46616
46626
46634
46550
46510
753586
1004548
46666
46780
46802
46822
46834
46852
46876
46906
46932
46948
46976
47018
47024
47458
47292
47692
47882
47032
47078
47764
47778
47850
48226
48324
48616
48142
48640
48546
48460
48524
48494
48342
48172
48010
48432
48410
48740
48388
47940
48770
48256
48100
48214
47978
48052
48724
48670
48696
48130
48374
48356
48266
48312
48184
48808
48578
48294
48916
48974
48868
49168
49152
49232
49268
49282
49290
49252
49198
49306
49214
49174
49346
49492
49680
49528
49834
50454
51090
50610
50746
50288
50128
51268
50924
49970
51434
51540
51554
51574
51608
51644
51706
51672
51714
51750
51762
51774
51790
51856
51820
51888
51924
51960
51996
52032
52062
52092
52122
52142
52162
52188
52222
52262
52302
52342
52382
52416
52450
52484
52508
52592
52532
52552
52684
52706
52646
52762
52790
52810
54040
53242
53500
53404
53438
53892
53314
53096
53846
54104
53704
53200
53976
53776
53122
52966
52914
53586
53676
52992
53148
54020
52836
54076
53530
53070
53018
53374
53466
53932
53818
53044
53276
53616
53640
53174
52884
53560
53344
53744
54502
54310
54128
54662
54742
54986
55022
55170
55208
55084
54912
55056
55128
54950
55272
55280
55410
55600
55850
56110
56248
56348
56334
56304
56506
56372
56386
56420
56516
56282
56270
56318
56454
56538
56572
56594
57322
56900
58510
58480
57816
57154
57544
57636
57522
58532
56804
58010
57608
57176
58140
57256
56876
57756
58560
57442
57388
57660
56766
57306
58624
57072
57908
56962
58182
58290
58338
57222
57860
58446
57572
58240
57728
58466
57210
56690
57124
57696
57262
56828
58392
58158
56992
58116
57800
58198
58222
57358
58264
58062
56928
57030
57428
58584
56852
58416
57482
57960
57192
56728
58368
58630
58644
58674
58690
58710
58730
58750
58838
58790
58814
59106
58862
59174
59220
59150
59238
59130
59082
59274
59298
59458
59428
59330
59594
59654
59752
59870
59878
60154
60024
60094
59986
60286
60218
60358
60382
60404
60434
60474
60520
60550
60572
60702
60916
60928
60940
60952
60964
60888
60862
60838
60976
60804
62094
62032
61444
61314
61168
61708
61558
61784
61482
61986
61604
61860
61466
61742
61532
61680
62010
61402
61642
61360
61510
62132
62066
61048
61816
62158
61578
61094
61126
62182
62204
62212
62268
62424
62530
62502
62566
62608
62636
62650
62744
62694
62778
62882
62826
62916
62952
62986
63024
63058
63130
63120
63172
63188
63108
63152
63222
63256
63310
63378
63344
63412
63458
63500
63576
63644
63714
63808
63876
63946
64082
64040
64116
64192
64160
64226
64302
64268
64336
64392
64450
64498
64566
64666
64786
64778
64600
64632
64768
64734
64700
64802
64884
64836
64944
64954
64962
64904
64996
65038
65078
65110
65146
65198
65170
65252
65310
65356
65364
65384
65428
65538
65572
65482
65606
65644
65678
65710
65702
65694
65686
65718
65758
65816
65850
65922
65934
65908
65960
65914
65984
66018
66062
66138
66182
66214
66234
66318
66266
66340
66378
66422
66434
66448
66458
66472
66522
66566
66610
66646
66698
66734
66776
66814
66852
66910
66944
66998
67062
67116
67160
67202
67266
67304
67334
67490
67504
67414
67468
67454
67478
67370
67522
67560
67622
67704
67732
67658
67742
67752
67916
67846
67866
67876
67828
67882
67922
67796
67928
67952
67974
68038
68110
68244
68234
68256
68184
68266
68316
68534
68558
68498
68430
68592
68354
68370
68514
68688
68658
68620
68644
68446
68632
68666
68420
68572
68376
68676
68482
68694
68708
68782
68758
68806
68930
68900
68872
68840
68952
68910
68964
69152
69174
69080
69210
69230
69134
69116
69248
69260
69020
69194
69064
69040
69272
71294
69452
70322
70532
69796
71902
70682
70456
70846
70374
70550
69776
71862
70766
71018
71400
70076
69602
69822
69852
72082
70424
70788
71948
69758
70976
70960
70174
69894
71822
70138
70060
69648
69924
70894
70622
70742
70384
69340
71128
70608
69834
69954
71452
70446
72128
71258
71648
69530
71106
70300
70490
70412
71348
71156
70338
71690
69660
69508
69736
71562
70348
71510
70472
70212
70938
69560
70646
69718
71780
70266
72036
70500
71048
69394
71198
70906
70106
69684
69420
71078
69368
69620
69478
69982
71606
70720
70988
70006
72180
70570
71738
70512
71988
69318
70804
69580
72226
72340
72260
72374
72412
72446
72506
72554
72592
73196
72764
72616
73744
73818
73466
72794
73594
72988
73362
73248
72958
72828
72630
73550
72664
73672
72938
72864
72898
73080
72732
73138
73516
73300
73424
73032
72706
73840
73874
73944
73970
73990
74058
74128
74224
75628
75372
74872
75130
74636
74382
75638
75846
76046
76072
75880
76008
76092
76126
76160
77630
76414
77000
77192
77430
77376
76392
76702
77560
76210
76340
76838
77732
76194
76646
77244
76804
76512
77832
77870
78598
78686
78650
78424
78534
78498
78566
78364
78450
77974
78118
78210
78198
78240
78134
77994
78102
78052
78160
78308
78330
78476
78712
78758
78850
78884
78960
78990
79012
79046
79136
79214
79172
79264
79332
79348
79354
79406
79376
79482
79512
79592
94388
124310
129576
127582
133348
93488
84254
104482
114552
134484
90532
86872
115226
86944
99372
132376
113412
94208
130612
95998
95656
127956
96960
99884
100946
99286
87400
99230
89530
92554
102020
84194
96114
109940
107716
127920
102002
129176
83252
94114
90006
114414
97582
89982
118706
111554
114052
95500
122748
131912
127150
120032
108570
108860
103736
121872
126536
80532
83770
120414
106268
117380
129976
87688
118446
109010
81836
95276
106964
86960
99744
90314
80630
92224
119960
100136
124598
116150
112926
95826
97332
123256
118888
118750
80378
79998
89992
98294
96722
83524
116708
80128
88986
89870
120918
84384
113594
116504
89770
116674
108364
130270
112398
133862
85078
81680
108788
85574
126828
113484
84934
122138
103276
128374
89546
130962
114168
89910
82920
93996
117876
82296
90468
83076
97976
93128
124408
132220
133426
84568
123876
82734
131312
96978
81424
110702
80926
120644
126368
113132
88098
97274
81454
122004
131954
108922
84048
102636
113828
106562
117018
100510
86696
97752
121258
87090
125270
84686
118322
104604
123470
102558
85488
88846
95312
93562
91360
122772
134050
126328
120558
108460
121392
126550
82794
133074
133472
133542
97608
81324
125958
90926
96240
130174
117814
82710
99280
90156
89064
97862
98444
130026
90276
118424
87504
134122
133266
80458
106380
93428
93908
123062
86986
93724
94892
108014
112204
109558
128282
131462
124098
112764
84978
129526
127770
84804
112630
132764
96520
130862
132460
112808
128764
90996
80606
101932
109798
93236
90878
93594
92964
79900
114572
83126
93164
102776
84118
103258
125642
129276
93872
112956
125464
79784
102074
112734
97702
125426
122878
120138
121320
119706
112274
86288
122252
101880
132502
129062
125738
87342
93512
92312
114458
101044
83040
96502
114772
133638
88488
87870
119640
101802
98232
83964
115660
109064
128434
82404
89312
126104
100224
105964
133118
124514
126252
86544
99960
100284
86218
114248
115302
105716
124470
130126
102364
107590
92598
99688
120500
81142
95578
121934
96202
128172
130414
85920
118028
109148
99488
91898
113204
116796
83594
126448
99444
133128
99798
100636
120342
88900
128774
96632
130712
114184
121466
104522
98884
116916
83344
82360
101658
118588
80864
123810
83220
123906
98808
108586
134164
100988
121358
128910
133058
131362
123428
114372
92486
133620
107200
111684
117630
134280
105260
88376
133372
93634
87426
112392
81554
90718
95872
82162
92058
83284
80768
123642
124558
114616
122320
92008
108348
108180
111758
127430
82654
89682
85846
83308
117430
98704
125912
121964
112506
79714
115024
92208
99924
119834
117602
94848
81944
86054
88580
132436
103420
128948
121504
104700
127816
103594
128086
102732
82118
90632
81752
109734
128060
129326
133208
84574
111824
93684
119558
123220
127118
111490
129476
97156
124738
125766
123496
87212
101514
99804
105106
101096
120604
93960
122208
89968
94422
132302
99122
125710
106190
107146
125390
109714
116846
123280
104254
129376
96838
122902
97406
117998
92042
127260
122552
81582
83734
94120
105426
88770
109464
88204
130222
131712
123324
93818
121214
92538
80334
89240
98374
115570
130912
96158
94224
106816
102462
100686
116632
117980
108136
88612
126076
96856
122098
102064
134020
125088
99164
112052
123590
114896
131812
97354
107418
115408
86036
100070
115630
125508
113028
90184
120698
80154
121592
118418
115896
126700
102908
85230
100180
110222
112658
131012
109542
107472
115132
85368
113394
82964
101866
112858
132724
134402
113504
99066
122844
101752
101708
126498
123146
99194
107884
114818
132266
103010
127212
107762
97102
91254
133484
117692
80432
90198
118830
82848
97626
79840
84330
133008
82534
117316
109316
102172
116572
105530
102266
123768
124334
93778
89754
101818
91696
87604
115332
102946
91798
134334
116320
101144
127548
80708
133932
133784
111272
122652
127462
104932
113070
131862
106902
101350
112318
97906
96672
99524
111332
129626
121828
115198
102512
93404
118096
79954
90894
87028
120202
119196
128974
133892
85816
93028
89174
128788
107032
133702
120736
114302
129426
117766
100798
96290
80978
79738
120946
90170
94152
80306
127042
124856
95052
96076
130462
83162
133292
108294
89596
110950
112556
96432
117154
104302
131762
128122
93374
119104
129676
88540
85966
83442
121638
106336
81384
115260
124946
89738
91854
82470
89954
119360
111584
101186
105788
85756
91738
126776
117070
99664
122510
129726
118152
129022
131412
81264
122988
122448
97022
102314
80272
80780
81794
123676
83188
124238
114974
95178
81032
80520
105176
92642
115964
89106
91322
113738
113300
106412
124566
129826
132888
111140
98608
101616
108414
85594
101294
124462
131112
98066
114728
105876
128346
126948
99366
84858
87800
133734
85402
124660
118624
131662
117792
102850
120978
80838
105368
109168
124978
106756
107800
101400
119514
123966
81640
90076
97188
117532
101416
97772
88264
81086
100902
91876
117682
85290
123404
89354
98406
127386
120068
108048
113224
107322
91758
122298
92582
91920
127502
106042
89514
82032
102690
117208
104560
115688
86904
108096
121604
105054
89398
102134
83374
100338
124148
99720
92704
86098
121664
95452
107846
83746
80260
98738
102408
115808
123018
99588
91086
98336
108476
116022
100434
83412
127728
91502
126884
83500
80178
100768
105318
108744
85726
92372
82102
127980
84428
97778
83918
112126
96564
129776
91162
117496
96386
97504
107354
130562
85742
117088
110586
132832
92932
79864
112240
125786
115432
102602
125060
98592
110814
102818
100562
105476
86246
91118
128320
122392
128236
104356
105860
131212
126384
82446
126220
127296
95684
125612
122160
88744
106486
81192
86652
85544
92502
121080
105584
91778
131512
89580
114500
119432
114694
132672
122024
110906
109842
118208
133184
81872
115352
130076
124040
90910
80720
100476
83638
89562
92090
81122
83682
127858
125242
80040
80222
111376
82206
129126
85048
110346
103992
116936
83004
112864
117198
92176
83664
131062
104444
96766
128632
116224
126276
128842
86502
117712
126868
80662
110098
107672
91942
125312
131612
118870
90300
119046
118290
90256
101210
124774
111858
84620
95110
94674
103936
115772
102200
132606
121734
129926
122614
121052
107932
125868
87570
104996
109282
79630
114142
134534
97232
116486
81300
87928
110456
92150
130812
90328
101470
107248
116046
92774
119762
106626
92698
92074
116862
86440
115526
93060
114654
124364
115836
113922
129088
111086
86164
95738
126156
99840
128682
87760
91034
118934
92444
123110
128720
119166
115594
84200
86402
103830
132400
104754
125840
84442
94992
128538
126714
79796
98662
116434
107516
128210
111922
128022
93462
125674
123848
129876
107438
132148
99094
90118
97544
120820
112522
133800
101242
81988
108678
125180
94284
100390
88132
91630
81014
118268
124416
100730
93342
113964
108880
106126
80028
97822
90856
105648
87272
122806
119874
134390
97438
89472
83996
103186
119918
98970
96036
102230
115742
88448
118340
103878
105234
94752
125348
128498
92746
121164
90342
94536
115912
101272
131562
128798
103166
130366
90776
108632
91102
98512
126988
119258
118114
104820
90800
91050
128566
88032
94056
100026
81512
109240
130512
127888
88292
124930
108520
92848
101950
132930
122946
118364
134242
121776
123722
90386
83850
125150
127674
131162
104204
123370
132552
92794
112106
103082
96334
118504
113658
131938
98928
109624
103660
89786
106694
95528
104156
117908
80088
134220
91224
111448
89008
92868
86322
85176
132190
130762
118530
126184
81922
115080
128892
119322
99632
122708
80804
132340
132036
86786
124806
104058
107312
126612
85146
124194
120862
81708
111030
101556
103090
133416
103526
104880
93278
81210
84720
106858
85652
118262
132976
104656
112426
86358
86856
132098
109404
114520
130318
99978
85678
111188
95608
111952
84504
110058
121120
107102
96922
119476
82570
99030
86920
86616
100852
107974
82602
117574
87954
85318
130662
88684
88940
108228
116768
89830
113324
92192
121006
134304
126020
94606
116390
133568
116994
126662
131262
103336
120244
115494
123568
133958
122064
118598
121716
98146
87148
123178
128410
125560
129226
118978
121546
99330
107622
124880
117278
127074
134554
134602
134630
134672
134716
137768
135208
136646
135616
136004
138202
136324
135818
135042
135172
138102
135850
137382
138042
137188
137610
135760
136152
138156
135312
137908
134960
135394
134750
137034
136556
136758
136222
134846
138248
138278
138306
138386
138340
138458
138434
138480
138990
139312
139120
138788
138736
139180
138514
138868
138934
138660
138578
139058
139360
139462
139434
139394
139560
139596
139500
139532
139622
139660
139694
139750
139814
139848
139882
139924
139972
139982
139990
140046
140108
140156
140212
140262
140324
140378
140426
140566
140600
140634
140668
140702
140736
140770
140804
140838
140872
140906
140940
140974
141126
141092
141008
141042
141160
141194
141228
141262
141590
141320
141328
141456
141486
141432
141624
141350
141566
141296
141374
141390
141412
141440
141520
141666
141700
141766
142024
142046
141742
142086
141984
141732
141774
141794
141862
141876
142076
141998
142016
141966
142114
141812
141828
141938
141956
141908
142232
142286
142302
142270
142416
142390
142252
142122
142366
142238
142324
142338
142212
142444
142478
142512
142628
142678
142924
142796
142958
143024
143190
143072
143086
143248
142996
143282
143460
143582
143328
143314
143342
143354
143422
143714
143778
144004
144160
143812
143944
144270
144234
144332
144374
144310
144412
144500
144478
144428
144556
144616
144634
144738
144754
144836
144998
145064
145092
145148
145182
145216
145344
145378
145498
146026
145756
145666
146358
146374
146266
145932
146114
145612
146490
145568
145518
145710
146426
145832
145984
146476
145878
146550
146584
146716
146838
146858
147150
146976
147116
147172
147360
147786
147548
147708
147800
147974
148120
148196
148366
148566
148646
148670
148764
148870
149048
148974
149760
149384
149626
149504
149854
150172
150036
149922
149974
150318
150474
150532
150566
150876
150818
150594
150726
151340
151302
151358
151392
151462
151502
151716
151816
151764
151670
151624
152628
152572
152664
152278
151880
152454
152102
152428
152394
152480
152614
151998
152362
152594
152024
152180
151914
151934
152230
152146
152338
151976
152300
152056
152212
152544
152708
152716
152724
152752
152760
152778
152818
152956
153288
152870
153420
153478
153336
152934
153138
153224
153358
153506
152910
153310
153198
152996
153384
153046
153406
152970
153112
153088
153464
153552
153268
153014
153442
153246
152890
153060
153168
153594
153720
153774
153890
153944
154048
154102
154210
154250
154188
154234
154264
154280
154384
154962
155060
155122
154748
154578
154674
154472
154816
155002
154438
155188
154452
155158
154866
154900
154910
154622
154536
154926
155086
154504
155230
154790
155250
155364
155418
155510
155564
155666
155720
155812
155866
155960
156014
156120
156174
156268
156486
156520
156608
156664
156756
156840
156812
156906
156950
156874
156974
157078
157134
157146
157160
157184
157268
157394
157324
157354
157362
157422
157510
157566
157656
157712
157806
157862
157876
157942
157998
158042
158132
158142
158170
158198
158232
158340
158396
158702
158574
158670
158440
158546
158734
158768
158876
158932
159014
159100
159156
159356
159386
159434
159526
159982
160508
161568
162044
159946
160842
161472
161166
160678
160978
161274
161932
161508
161540
160366
160178
161964
161898
160714
160610
159918
161130
161374
161108
160246
159742
159776
160776
161044
159804
161794
161344
161590
159714
159824
160916
160400
160748
161728
161016
160060
161238
159582
161396
161880
161310
161622
160290
159870
161648
161428
160032
161992
161668
162024
160438
161082
160470
161824
160810
160338
160646
161854
159674
160892
160540
160950
161700
161452
161208
160104
159630
160140
161760
160224
162066
162184
162226
162346
162388
162484
162526
162604
162720
162564
162762
162878
162920
163026
163068
163168
163210
163318
163400
163442
163468
163510
163532
163632
163674
163706
163812
163854
163962
164004
164116
164158
164276
164318
164446
164488
164594
164708
164754
164848
164890
164984
165026
165134
165176
165292
165334
165448
165490
165582
165624
165726
165778
165796
165838
165768
165864
165962
166006
166108
166150
166254
166296
166396
166438
166544
166586
166708
166750
166864
166906
167022
167064
167144
167186
167298
167340
167452
167494
167596
167638
167748
167790
167812
167954
168096
167996
168040
168068
168160
168188
168198
168300
168452
168342
168476
168578
168620
168730
168772
168852
168894
168980
169022
169126
169168
169284
169344
169326
169358
169464
169506
169622
169664
169776
169818
169826
169938
169980
169988
170096
170138
170382
170206
170148
170354
170364
170320
170402
170514
170556
170656
170698
170802
170844
170946
170988
171080
171292
171122
171482
171630
171548
171142
171506
171570
171414
171206
171444
171250
171742
171694
171524
171726
171318
171176
171596
171336
171366
171774
171858
172154
172198
172302
172160
172284
172376
172224
172254
172328
172406
172948
173050
172854
172578
172780
172892
173122
172674
172924
172804
172830
172536
173002
172652
173150
174116
174240
173654
173582
173888
174646
173176
173980
174048
173738
173526
174270
174534
173818
173370
174456
174412
173216
173294
173314
174354
174814
174612
173792
173930
173560
174392
174780
173466
174690
174210
173718
174568
174724
174014
174502
173256
173942
174832
173614
173504
173636
173348
174318
173856
173768
173428
173692
175922
174900
175508
174872
175066
175688
175284
174916
174908
175082
175572
174892
175384
175180
174882
175748
175814
175994
176178
176392
176352
176380
176338
176404
176870
176902
176934
176664
176772
176804
176538
176694
176626
176826
176574
176512
176734
176486
176852
176964
177062
177104
177192
177252
177286
177296
177394
177422
177410
177434
177454
177358
177376
177546
177636
177590
177568
177654
177516
177690
177740
177702
177720
177824
177812
177908
178000
178008
178030
178124
178098
178198
178222
178296
178376
178382
178388
178404
178432
178584
178612
178636
178746
178856
179002
179132
179314
179444
179622
179748
179926
180068
180254
180388
180590
180740
180930
181068
181218
181376
181534
181676
181858
181988
182098
182332
182514
182696
182826
183056
183234
183412
183538
183736
183882
184068
184202
184392
184530
184680
184838
184980
185166
185300
185410
185600
185738
185836
186006
186124
186310
186444
186654
186812
186990
187116
187294
187420
187622
187784
187970
188120
188254
188440
188574
188764
188902
189092
189230
189424
189566
189720
189882
190048
190198
190336
190458
190664
190842
191064
191258
191460
191610
191828
191994
192124
192238
192404
192518
192732
192894
193056
193166
193348
193478
193648
193766
193952
194086
194260
194382
194516
194658
194772
194922
195056
195242
195376
195610
195792
195974
196104
196306
196456
196646
196784
196990
197144
197338
197480
197634
197796
197934
198056
198230
198352
198542
198680
198850
198968
199162
199304
199466
199648
199778
199920
200070
200216
200346
200476
200590
200776
200910
201092
201222
201364
201490
201666
201824
201982
202140
202282
202408
202502
202616
202750
202860
203046
203200
203342
203452
203614
203736
203878
204012
204150
204288
204422
204568
204698
204852
204982
205124
205242
205380
205522
205640
205758
205884
205994
206136
206246
206376
206522
206652
206814
206944
207078
207240
207362
207480
207622
207764
207918
208072
208198
208316
208430
208608
208762
208912
208968
209124
209080
208918
209068
209024
209180
209222
209412
209474
209586
209542
209656
209620
209664
209562
209864
209760
209810
209882
209894
209726
209744
209704
209926
210058
210066
210050
210010
210018
209978
209908
209946
210110
210130
210182
210166
210212
210268
210144
211006
211026
211046
211198
211240
211282
215480
215510
215540
214560
214590
214656
214696
214736
214800
214838
214886
214928
214978
215022
215072
215102
211992
212028
212064
212100
212122
212154
212194
212246
212282
212318
212340
212376
210802
210834
210888
210920
210974
214118
214138
214194
214224
214254
214308
214336
214374
214406
214446
214480
214520
214540
211402
211422
211466
211504
211524
213060
213088
213152
213190
213252
213288
213334
213374
213416
213464
213492
212642
212670
212708
212746
212782
212826
212866
212914
212956
213004
213032
215132
215162
215202
215242
215284
215326
215370
215420
215450
212524
212550
212590
212616
213520
213552
213620
213662
213704
213770
213810
213860
213904
213956
214002
214054
214086
210332
210356
210404
210438
210500
210570
210618
210642
210680
210734
210778
212398
212426
212468
212496
211544
211568
211602
211636
211678
211710
211754
211792
211836
211874
211914
211944
211968
211066
211110
211154
211324
211350
211376
215570
215582
215598
215622
215652
215660
215690
215718
215754
215806
215904
215928
216276
216042
216070
215820
215876
215848
216098
216026
216034
216196
215960
215988
216002
215944
216832
218286
221456
217532
222128
216690
218512
221250
221764
221272
218840
224072
224730
220316
223786
217960
217648
218792
217754
217062
223082
219520
218690
220346
217378
216384
219468
218008
224404
222344
217314
218978
217626
224624
219322
224354
221342
220464
217022
224152
219190
224786
217724
225050
216366
225116
216544
216442
221328
223274
218268
221198
218660
220182
221866
218440
217188
218724
217242
219288
219536
224190
223980
223154
220284
219400
224776
217778
218326
219132
219732
218894
219020
221918
224926
219766
223898
220008
217504
219888
223060
223928
222328
219686
224684
224746
218356
220618
221538
222972
218752
223580
217832
221214
218570
223684
223220
218782
216476
224048
219180
218426
218858
224892
218054
224832
219806
220798
217920
221804
225142
223470
216598
217896
221584
224090
220080
217268
217156
217112
217808
218118
221616
222820
224308
216722
220260
220128
216806
223826
219100
221726
217434
217132
219444
223402
219648
217218
220382
216662
216978
219618
223040
223364
219242
217674
218306
216626
222308
221116
220416
221652
217466
221160
219844
224700
220718
222170
220824
219580
222506
216916
223112
221502
219348
219270
218178
216766
224286
217354
217086
220064
220230
222218
218818
218542
218926
223294
218526
217852
216574
222360
223990
217984
217402
221696
218962
217288
222274
219158
218028
224492
220756
223012
223536
220550
218626
217488
219044
217866
217696
218474
221392
223622
219060
224226
223750
220660
224564
221310
216854
218140
217554
219490
220490
218910
225196
225210
225228
225574
225608
225676
225630
225828
225726
225882
226190
225958
226242
226156
226036
225984
226540
226566
226592
226410
226454
226466
226614
226686
226724
226780
226866
226968
226946
227084
227072
227012
227020
227032
227040
227048
227060
227100
227160
227370
227226
227254
227428
227398
227442
227474
227482
227496
228016
228138
227960
227840
228194
228550
227562
228596
228756
228676
229802
230166
229620
228868
229442
231654
230530
229264
229002
230902
229984
230720
228800
230348
231436
231520
231538
231556
231576
231600
231080
231200
231676
231734
231748
232324
232390
231864
231902
232078
232106
232180
231822
232068
232036
232228
232018
231934
232432
232482
232608
232490
232740
232862
232918
232972
233076
233006
233040
233064
233084
233254
233628
233402
233110
233326
233510
233480
233660
233178
233688
233726
233758
233774
233806
233822
233846
233896
233946
233992
234016
234048
234086
234108
234154
234162
234298
234820
234844
234866
234882
234174
234214
234226
234902
234956
235880
235908
235384
235560
235596
235772
235842
236216
236174
236690
236286
236342
236418
235936
236012
236028
236070
236754
236622
236674
236106
235502
235454
236766
236846
236898
236856
236952
237014
237094
237046
237006
237130
237162
237198
237212
237822
237574
237608
238390
238028
237456
237742
237444
238070
237354
237682
237514
238186
238038
237782
238112
238372
237308
237266
237552
237722
237626
237436
237364
237966
237288
237928
237322
237978
238246
238282
237762
237590
238322
238016
238130
237802
237662
237644
237406
237858
237892
237496
237394
237702
238444
238432
238460
238536
238670
238732
238776
238784
238810
238848
238864
238884
239184
239230
238998
239026
239450
239478
238898
238912
239486
239574
239600
239672
239904
239966
239708
239740
239724
240000
240012
240044
240078
240054
240104
240134
240216
240286
240328
240366
240390
240430
240814
240828
240840
240632
240496
240750
240852
240860
240886
240904
240920
240932
240874
240968
240958
240940
240982
241028
241066
1004580
242340
241774
241202
242194
242658
242432
242802
241988
241400
241286
241954
241174
241120
241378
242590
242634
242178
242290
242408
242148
242266
241752
242552
242220
242384
241224
241308
241652
242232
242706
242504
242362
241932
242756
242834
242480
241910
241630
242456
242904
242882
242932
243400
243654
243462
244300
243164
243576
243196
243514
243016
243626
242942
243248
243536
244152
244076
243140
243868
242976
243840
243332
244356
244238
244256
244416
244408
244612
244500
244662
244754
244766
244740
1004608
1004632
746934
1004594
244854
244882
244822
244832
244778
244802
244914
244896
244942
244974
245048
245076
245112
245184
245270
245296
245446
245418
245460
245488
245342
245362
245552
245632
246182
247320
247964
247802
246946
246774
249818
246980
247436
247470
247490
246536
250066
250136
247034
247348
249602
246656
249530
249912
249234
246566
248456
249988
248548
247228
247826
246588
247510
246864
246678
247282
246546
247090
246918
250238
247744
249004
249342
246818
250320
247612
247722
247732
248642
248054
250162
249674
247894
248902
248820
249444
249108
248264
248128
248366
246732
247168
249746
248198
248744
246630
246018
245670
246202
246324
250512
246346
250634
250650
246132
246162
251330
251206
251264
251406
251516
261936
253726
264104
253006
264992
263638
257038
258340
255686
259676
262938
251540
254744
260812
266312
266404
266416
266382
266324
266436
266352
266466
266498
266966
266696
267428
267272
267442
267490
267586
267646
267694
267742
267816
267958
267972
268004
268030
268066
268112
268136
268198
268220
268234
268282
268336
268504
268532
268576
268620
268668
268700
268748
268796
268850
268902
268950
269008
269056
269128
269176
269246
269294
269350
269398
269470
269518
269570
269618
269694
269742
269804
269950
269852
269972
270020
270110
270158
270234
270282
270330
270378
270462
270510
270568
270616
270674
270722
270778
270826
270886
270934
271000
271048
271116
271164
271226
271274
271332
271380
271474
271522
271590
271638
271704
271752
271822
271870
271948
271996
272068
272116
272186
272234
272302
272350
272426
272474
272534
272664
272692
272582
272712
272760
272842
272890
272960
273008
273056
273122
273178
273226
273318
273366
273432
273480
273548
273596
273666
273714
273762
273810
273866
273914
273984
274032
274082
274130
274190
274238
274306
274354
274434
274482
274546
274594
274658
274706
274766
274814
274886
274934
274998
275046
275102
275150
275198
275246
275302
275350
275404
275452
275516
275564
275616
275664
275712
275760
275818
275866
275932
275980
276032
276080
276144
276192
276254
276302
276360
276408
276470
276518
276588
276636
276702
276750
276816
276864
276932
276980
277046
277094
277160
277208
277272
277320
277392
277440
277494
277542
277598
277646
277694
277762
277810
278300
278446
278114
279138
279704
279564
279634
278002
278876
277880
278542
277962
278626
278078
278128
278174
279226
278962
278042
278792
278712
279448
278456
279328
279050
278220
279834
279890
279920
289970
280466
298352
293710
292674
288090
291812
286700
296384
285048
292512
281768
294108
291964
283964
294262
291114
283860
279910
292954
295856
287068
286818
298686
282324
286928
281478
291298
284914
282544
280122
280156
280184
293574
280480
287674
297166
285774
287192
285932
287590
293186
282664
294646
289480
296014
284090
290428
287388
289194
297856
294942
298284
296596
280680
292090
282128
286354
292232
285200
298134
289724
295670
283700
281990
291648
289594
288538
290958
284178
298564
283376
288370
285594
291460
285334
287306
283262
296904
292822
289020
288238
298058
286056
287492
290090
286566
284260
286210
284712
293830
294388
298198
279940
297506
290768
290304
286452
287830
292364
280100
282852
294788
293076
290204
281312
295194
297642
294530
285486
280066
293318
287932
297268
281616
297020
295508
298458
284626
293966
297400
284522
280898
288880
283530
282944
297734
297942
289354
293438
283080
284840
288706
295340
281120
289854
290598
296196
280210
296738
284396
295062
298820
298876
298932
299386
299232
299026
299560
299918
299616
299746
300066
300122
300178
300196
300268
300224
300406
300462
300564
300620
300726
300754
300770
300808
301034
301090
301022
301228
300864
301052
301252
301308
303468
303920
302088
303664
302622
303184
303194
303204
303214
303224
303234
303244
301482
301842
301602
303672
301722
303042
303396
303408
303420
303432
303444
303456
302082
303596
301962
302342
303830
302210
303742
303254
302762
301362
302902
302482
304054
305542
310894
307626
308148
311054
311480
309068
311026
311042
309718
305294
310634
307498
306976
307370
310108
308542
304258
310502
307884
309590
305032
306056
308936
309200
311196
309462
304110
308410
304192
304218
304244
306318
304900
305414
308016
310240
306844
310766
305924
306582
311338
308674
304514
304776
306450
304382
309976
307108
305800
311622
311998
311788
311816
311728
311764
311854
312046
311678
312146
312182
312274
312330
312386
313330
312750
313056
312622
313600
312790
312588
312772
312924
313192
313452
313752
313986
314044
313808
313860
314192
314370
314426
314482
314628
314678
314740
314776
314790
314834
314930
314890
315162
1004642
1004730
1004814
1004878
315408
315708
315498
316070
315856
316312
316480
315554
315282
316014
315258
316392
315828
315916
316104
315666
315446
316224
316672
315382
315776
316354
315324
315218
316528
316574
316594
316172
315624
316058
316612
315964
315472
316428
315536
315876
316270
316696
317080
316752
316994
316908
317166
317222
318614
318246
317318
317238
317452
318062
317586
317716
318762
318430
317846
318910
318966
318998
319010
319676
319728
319660
319506
319564
319832
319896
319966
319298
319194
319066
319134
319164
319982
320786
320038
320110
320430
320150
320614
320256
320964
321020
321168
321796
321808
321820
321070
321296
321654
321436
321584
321594
321604
321614
321624
321634
321644
321958
322014
322208
322382
322438
322890
322730
323072
322650
322746
322854
323220
323712
323674
323460
323912
323548
324078
324134
324684
324410
324338
324510
324824
325288
325050
325252
325484
325130
325646
325938
326228
325858
326046
326376
326432
326636
326990
326816
326716
327130
327370
327264
327186
327550
327696
327752
328152
328334
327964
328044
328482
328538
328744
329096
328818
328920
329238
329294
329594
329706
329892
329510
330044
330100
330690
330506
330396
330314
330840
330896
331284
331104
331462
331180
331606
331662
331866
332212
332038
331938
332352
332408
332814
332998
332704
332622
333148
333204
333778
333492
333598
333414
333924
333980
334188
334368
334264
334546
334690
334746
334966
335164
335048
335384
335194
335540
336168
336066
336006
336132
335618
335948
336034
335596
336188
336246
336314
336900
337000
338638
337986
337452
337152
336792
336372
336460
337582
338102
336574
336686
337838
338210
338382
337306
337714
336488
336518
336542
338886
338942
339538
339568
339062
339286
339624
339798
339680
339822
339878
339988
340044
340100
340156
340214
340530
340540
340652
340428
340550
340286
340296
340408
340418
340306
340746
340802
340914
341006
341062
341372
342310
341842
341570
341402
342794
341234
341706
342148
341332
341418
341518
342586
341388
342006
342490
342894
342950
343414
343546
343152
343280
343682
343820
344030
344070
344172
343974
344002
344274
344558
344422
343876
344686
344846
344742
344900
1004972
345772
345586
345978
345224
345404
344956
345024
345078
346160
346216
346304
346284
346294
346406
351416
349834
350112
347896
348138
348194
348282
348332
346780
349966
349210
348910
346720
348752
349348
348610
349072
350912
350256
346676
351534
349476
349706
350392
347214
351024
350664
348522
351168
351782
348682
347544
347654
347692
347734
346546
346838
346888
346932
346978
347024
347058
347106
347138
347240
347338
347368
347404
350804
348344
348916
346630
349590
347880
351288
351656
348432
346462
350542
347184
351894
351950
352038
352064
352082
352102
352372
352258
352134
352452
352600
352656
352714
352770
352854
353092
354206
355902
352910
352946
355516
355272
355102
353204
353222
353240
353254
353268
353280
353294
353314
353324
353334
353342
353358
353376
353396
353418
353428
353442
353456
353466
353480
353492
353512
353528
353544
353562
353582
353592
353610
353626
353636
353646
353664
353678
353690
353706
353716
353732
353750
353760
353770
353780
353794
353810
353820
353840
353854
353866
353880
353896
353916
353930
353950
353966
353994
354010
354026
354044
354060
354070
354088
354112
354652
354754
352972
354366
354130
354218
355430
355748
355774
354948
355620
354510
355642
354784
356016
356072
356660
356128
356686
356750
356900
357026
357206
357388
357088
357550
357314
357714
357770
357822
357878
358018
357934
357958
358096
358152
358250
358306
358386
358502
358664
358896
358982
358918
358720
358730
358740
358752
358764
358776
358788
358798
358808
358818
358828
358840
358852
358864
358876
358886
359040
359096
359204
359154
359264
359320
360004
360124
359384
359418
359796
359914
359722
359736
359766
359570
360222
360352
359780
360454
360648
362168
362414
364636
367042
360678
363314
365384
363760
363530
365186
365596
367236
366642
366248
360510
367444
364812
364408
360874
361288
361714
362640
361506
365822
366438
366028
367694
362880
361936
365002
363970
361084
366838
363090
364194
367906
1005110
367962
368024
368080
421796
401470
426010
376568
427686
415308
409602
389006
368516
429802
375556
426368
416898
417788
380246
428404
386988
397010
382546
415016
371448
392654
429104
371584
430560
368724
379990
373022
414200
382214
407074
376848
375880
394040
413082
376358
411186
399022
417152
372816
399844
371316
425350
372004
419028
402606
398690
431260
378172
378328
372136
392290
417406
368166
400264
406612
417618
407968
374386
398292
393700
431958
410382
383142
376700
396092
386712
414724
378740
413986
395296
411920
422176
405792
406152
370758
391932
369412
428046
427386
370898
404154
372486
386434
432716
370096
409220
377528
407532
389362
389742
416178
385838
384380
390492
418604
419776
388646
399424
394450
390848
418868
384824
432338
379590
417958
374876
387664
377050
379028
384042
385164
423576
415894
377930
378070
378134
429482
385506
397460
424632
425650
427028
373908
373700
375078
382854
391204
369692
395732
370430
372284
400666
369894
401828
422876
418344
376222
375412
381516
387324
377178
379314
392906
420020
413692
374728
421096
390132
373490
397912
421416
375206
424992
374040
368856
373166
404972
383428
369202
415610
403332
409980
431638
408840
374596
404562
416644
405384
401070
376090
381072
370224
422496
396550
371794
391556
394878
420340
378548
393294
388338
419280
381872
419524
423954
408406
378352
414414
372688
424332
411518
371108
374176
388006
430182
402992
428724
430880
377712
418170
375740
386146
412724
368992
420718
377884
377910
413396
403742
368306
380396
402216
370574
412324
380734
369544
379784
426668
423256
377384
383704
416390
410786
373350
432824
432880
432954
433102
433154
433200
433390
433442
433498
433964
433856
433748
433634
434046
434102
434162
434346
434402
434798
434708
434482
434598
434908
435202
435258
435598
435870
435462
435732
436320
436592
436850
436098
436288
437014
437088
437162
436036
436946
436010
436184
436080
437170
437254
436718
436140
436476
436170
436246
436358
436114
436208
436056
437326
437382
494710
458350
487180
439750
499966
471214
470452
478104
464944
441650
442598
459578
482444
454484
438320
440936
469534
447810
494266
479748
487364
499480
499826
483514
499356
485172
473072
438052
495862
499206
467250
485026
441026
440560
492428
495976
444110
484608
489908
483668
478652
451884
486032
447420
494376
496852
475826
493512
464524
457272
447688
471574
460160
483780
441742
441900
441856
441794
441954
441988
448284
479378
498428
498680
479242
494628
448614
477688
443144
449300
455252
467422
462788
442330
460634
464100
454760
474462
475224
442442
459372
497586
451610
449186
487068
483934
490356
495740
478238
439494
458862
445796
472844
498938
441066
441696
455342
451252
440664
471744
497930
486650
470616
438470
489996
437862
476448
492746
492114
440834
441604
496256
495348
444740
451022
473890
478934
447172
461030
468800
440162
492230
449894
484152
487756
478786
493230
466326
450904
439864
446988
441426
471948
474926
498838
460382
493118
449040
439968
489174
440612
485532
456556
473446
487896
448174
491364
447554
448932
492492
488184
438826
437496
455000
455860
473814
485320
491492
488048
442856
490644
486144
492868
440964
448394
489576
459024
497840
498766
476702
468264
443898
495196
461492
447958
475642
482216
476000
457794
487426
499920
474042
439844
457124
455568
455432
445934
497254
496640
453768
479866
468530
448824
489376
494882
491422
445124
446332
496532
482746
497466
483040
440084
450186
464340
481574
480186
464244
464436
469736
478372
440918
493356
477144
440494
473628
465256
454374
490252
494484
474248
478500
461660
444554
440040
479528
459972
452710
473546
472146
440526
496116
445482
441484
491912
443342
477830
481110
481424
497054
441572
471414
459736
455494
442176
467868
498516
482526
475068
454086
490162
439304
468996
476976
485782
439804
437778
495030
440804
477972
450642
489272
464686
481920
463632
462386
470288
488302
441102
497158
441184
452370
472348
489788
484274
477496
443706
462948
480692
450056
473258
484038
488754
474794
479980
457610
464000
492618
451152
491092
441542
442966
496394
491992
488636
437558
498034
440130
438590
494154
473346
456024
441256
454216
481786
463138
482000
469434
482132
490528
484716
468658
465774
484874
490448
488518
439934
494546
495484
453476
450756
499040
488962
440580
472066
476320
480822
466946
477330
454904
472982
494002
479104
448716
470160
446084
488404
481248
461782
466662
475466
483396
479002
447296
488862
475354
486916
480972
453894
446658
439698
462716
466562
450498
438724
500018
480098
490728
440194
486758
440000
466776
498344
442744
476584
458512
456706
495602
441138
466060
461908
460834
496950
491734
444946
450364
461156
479664
459222
454646
439562
498228
482338
462562
446498
469336
448504
440720
439422
463412
440876
455176
468392
467764
499560
499668
446188
437958
480304
474666
440992
446812
463816
466444
442022
460702
465914
493620
456186
468002
466874
465076
498126
485406
440246
485900
448070
458682
458150
469124
452496
483842
490816
449764
491682
461310
462076
482632
449464
465372
497766
470724
457968
453062
465504
493736
453276
437688
456836
491174
473714
489068
480488
476102
468110
463312
455640
438978
440298
486426
438246
494798
490886
452194
445668
438394
451774
472512
438904
452930
460846
440398
465636
490088
455808
467056
492986
486270
451430
489684
441330
472668
441394
456376
465140
482916
484398
481336
485660
457444
487620
473164
476210
469914
439074
491280
491006
438124
464618
440772
445318
452064
453592
470034
471056
481680
499746
460556
497362
464790
491636
439898
491560
497674
483616
463512
496746
470874
483220
456984
455720
449630
477590
486534
444322
455098
489480
440350
440444
484502
493844
466222
462204
476838
443514
498586
437520
437546
439196
439628
440692
500082
500192
500222
500264
500178
500308
500138
500332
500286
500362
500418
500472
500860
500800
500528
500544
500560
500578
500596
500614
500632
500648
500664
500680
500696
500714
500732
500750
500768
500784
500914
500970
501024
501080
501114
503702
503370
502924
501242
501282
501318
501354
501392
501430
501462
501498
501542
502288
503856
504694
504266
504414
502548
503186
504566
502338
503334
502232
502692
503076
501170
502092
501930
501946
501954
501788
502806
502388
503590
504108
501584
501608
501666
504954
505010
505126
505182
505286
505486
505730
505786
505886
505952
506008
506100
506156
506300
506356
506412
506468
506536
506562
506666
506772
506836
506986
506892
507070
507126
507238
507364
507616
507488
507746
511236
508276
507998
510098
510694
508448
510476
511064
508782
509574
511580
510864
510308
507802
508118
507954
511800
509122
509734
509292
509932
512128
508952
508614
511408
511962
508284
509452
512292
513044
512532
514510
514272
514146
513176
514756
514908
513556
512430
514038
512770
512664
512902
513692
513420
514422
512348
513812
514616
513314
513932
515048
515104
515192
515248
516214
516542
518952
518290
518556
517470
517864
516376
517638
516764
518176
516932
517688
518672
518444
515326
515394
515462
515518
515574
515618
515682
515746
515812
515878
515936
515994
516048
516102
516158
517284
518018
515306
519114
517102
519280
516704
518788
519446
520402
520524
520220
519502
519796
520058
521010
521066
521296
521550
521606
521662
522126
524366
522320
523926
524228
525106
522926
523792
522526
523336
524942
524676
524808
521924
521734
524506
524062
523622
523130
523486
522734
525266
525322
525404
525460
525934
525664
525800
526072
526212
526268
528044
526384
527080
526726
526552
526902
527848
527260
527664
527460
528286
528342
528798
528526
528668
528398
528948
529004
529060
530042
529920
529352
529658
529526
529790
529116
529154
529186
529222
529288
530122
553196
530200
530594
548018
543166
547218
549212
549018
546868
548166
535092
530708
534174
550100
540500
544350
543444
530846
541840
554004
537152
533788
530504
544516
549118
546482
539574
554096
537786
545800
548348
531348
542872
530932
539888
535788
539000
553354
549958
553934
552634
532322
541502
535422
537530
538550
534528
551736
531058
552948
544834
535606
530232
553596
530972
553682
545190
533924
545560
550514
537662
533034
547816
532188
539144
550816
532788
530372
536634
538690
550244
530440
549774
543310
551192
542074
551552
541666
537342
532660
530338
546284
531636
539726
552556
543878
538846
553764
533154
544194
535254
540810
547458
551920
533298
534726
552252
550330
532916
542592
550664
553114
542212
534922
553852
539280
544998
533852
548616
540186
546764
541152
530178
530242
530480
530298
530266
551368
536978
551008
549592
530670
541328
530754
530400
532456
536276
553284
552712
544028
545454
552830
548884
538274
545340
533992
540042
546134
544680
552450
540986
540650
533720
539412
530632
537916
538096
536112
547664
531920
530212
554174
543588
531484
540340
542474
552382
532582
547034
531008
532054
545672
533452
543738
535954
548494
546010
530556
531044
542354
534348
530800
548744
549462
553032
553504
533586
536456
531786
549340
542720
530892
543014
547356
530522
552120
538416
546614
536810
545926
554368
554424
554828
554934
554480
554598
554644
554696
555232
555120
555140
554734
555340
555432
555494
555984
555716
555550
555856
556118
556906
556430
556502
558162
560990
557240
560342
562326
559928
557110
562160
561778
558284
561326
557036
557808
561994
558834
559806
560500
560874
557444
556814
561670
561448
561216
558382
560766
557630
557716
557512
556246
559250
559120
556586
556700
556174
556190
556216
559002
560658
560196
562500
556370
560062
561570
558524
556304
558666
561106
559660
558046
557326
557924
561880
559380
559514
562674
563176
562852
562730
563028
562766
563334
563390
563410
563534
566474
567580
567006
563622
565806
565562
565406
566404
567132
565222
565684
563910
564690
564768
564880
563778
566738
564916
564994
565284
566274
567280
565884
565440
567430
565108
566164
565962
564430
563654
563590
566912
566606
564170
567668
567766
568488
567936
567822
568332
568568
568202
568090
568412
568076
568640
570422
571860
569218
572130
569108
569688
570304
568982
568998
571252
568706
570640
570528
568746
570186
568856
570068
570292
569580
572220
570174
569928
572518
569468
571614
569354
571122
571498
570768
571972
569236
571744
571008
572348
570410
570880
570056
569816
571368
572682
575110
574550
573900
573154
575580
572738
572962
573072
573790
574290
573574
573696
575684
574040
574158
574978
575222
573258
573370
573460
575460
574644
575336
574816
572860
574424
575802
577782
576848
576402
577296
576554
576262
577840
576994
576178
575858
576084
577452
577138
577618
576696
577906
577962
577994
581736
581990
580226
578694
580496
578942
579180
581236
580990
579432
578220
580736
582234
578460
579694
579970
581496
582492
584778
585198
584028
582548
582594
582640
582686
582732
583646
582922
584928
584624
583508
584322
583232
584470
585078
583420
584176
583906
585458
583784
583064
585318
582772
585608
594124
589442
594386
593460
590286
587178
586244
586424
589248
591168
588494
589072
591356
593100
586614
587368
587924
592564
594640
591540
591790
592750
588104
590454
593870
586066
587740
589978
594972
593624
592932
590618
590796
592298
593282
585790
585812
589814
589630
588682
588880
585848
590112
592040
590974
586798
587554
586986
585664
588302
595312
595870
596032
595686
596060
595962
596052
595368
596158
595734
595974
595482
595388
595628
595908
595820
596096
595528
595616
596180
596314
596732
596626
596574
596662
596838
596750
596780
596474
596672
596860
596408
596494
596330
596452
596354
596544
596386
596432
596808
596594
596518
596296
596892
596632
596704
596924
596962
596994
597016
597046
596984
597074
597376
597156
597554
597808
597818
597840
597856
597874
597772
597790
597436
597736
597494
597694
597528
597460
597190
597582
597232
597266
597288
597320
597088
597592
597620
597640
597658
597678
597122
597410
597342
597894
597918
597938
598054
597966
598002
598032
598654
598924
599510
598880
599070
599324
598690
598742
598122
598568
598186
598222
598782
599134
598366
599210
599460
598954
598628
598472
598080
599420
598502
599262
599300
599026
598702
598384
598668
598842
598906
598536
598816
599166
598292
599098
598402
598264
598994
598326
599366
598594
598438
599714
599794
599556
599744
599852
599632
599824
599802
599670
599936
599904
599886
600064
600054
600216
600140
600168
600198
600104
599962
600452
600288
599992
600246
600026
600412
600506
600550
1005228
1005174
1005282
1005336
1005352
600654
600692
600622
600598
600732
600786
600834
601000
600798
601136
601056
601088
601156
601194
601168
601246
601324
601496
601840
601976
601660
602574
602136
602246
602112
602222
602538
602180
602766
602680
602620
602732
602836
602802
602866
602912
602938
602972
603012
603040
603076
603116
603150
603164
603186
603244
603282
603312
603340
603362
603402
604080
603438
604182
603706
604190
604208
604010
604022
604132
603982
604218
604384
604366
604198
604538
604650
604698
604848
604882
604912
604956
604808
604828
605800
605682
604978
605336
605448
605214
605088
605056
605826
605370
605144
605490
605000
605426
605588
605758
605172
605292
605116
605636
605718
605314
605404
605270
605236
605544
605028
605846
605900
606112
605936
606254
606042
606074
605964
606318
606176
605996
606388
606404
606428
606460
606478
606528
606638
606752
606782
606804
606820
606846
606874
606892
606912
606940
607056
607166
607278
607408
607534
607654
607782
607906
608022
608136
608264
608280
608292
608316
608344
608370
608392
608420
608450
608476
608502
608550
608588
608614
608642
608672
608696
608712
608730
608748
608764
608780
608798
608816
608832
608848
608866
608884
608900
608938
608976
609012
609052
609092
609130
609166
609212
609240
609288
609318
609352
609402
609452
609488
609520
609570
609600
609628
609652
609682
609728
609774
609810
609864
609908
609954
610002
610040
610084
610130
610174
610226
610252
610332
610276
610368
610298
610388
610418
610528
610482
610444
610498
610462
610542
1005370
610566
610700
610816
610932
611060
611088
611114
611150
611190
611228
611260
611294
611336
611376
611412
611446
611482
611490
611600
611712
616404
625144
625164
625184
625198
625400
625282
625460
625336
625236
625494
625542
625586
625706
632560
626854
626424
628192
627350
628422
628334
630886
632398
630920
630962
630998
629396
632506
627166
626726
631234
631996
631532
627126
628280
629668
629202
626476
626894
629624
630784
631558
629838
630698
632688
629422
628762
631146
627514
629290
632714
628572
631948
628674
627304
631754
630582
630530
632170
631088
627862
629808
627042
627820
631304
631272
626156
625912
630182
631442
629974
631614
632080
631714
631498
629712
629740
629784
630648
625970
628382
626952
629474
627554
631032
630398
626244
629338
627246
627074
632052
626362
626304
630064
630366
631594
629526
632228
629576
628874
630422
626682
631344
632122
627712
628540
626540
625856
626646
631876
628240
629928
626802
627936
630326
631826
626028
628976
630734
627400
630822
630854
628096
628600
627478
628710
626998
629074
631790
628928
632648
630234
627438
628050
628002
631382
626202
629146
626396
627660
631672
629020
629872
626088
629256
632284
632610
628482
627212
627626
625802
632346
627580
630022
627766
630468
630280
631914
628640
626770
631188
630130
629112
628150
632454
626588
632742
632782
632912
632994
632938
633012
633070
633234
633434
633502
633444
633486
633494
633514
633418
633330
633528
633652
633684
633802
633856
633946
634000
633982
633730
633892
633874
633928
633838
633964
633712
633820
633748
633910
633784
633766
634018
634066
634108
634244
634366
634484
634662
634580
634520
634604
634542
634728
635040
634780
634900
634972
634838
636008
637240
636612
637090
635930
635442
637160
636220
635102
635680
637522
637344
636652
636688
636108
636830
637370
637218
635972
636440
636294
637048
636096
637466
636372
635844
636966
635286
637698
637306
636478
636794
635550
635618
636254
636760
636524
637196
636062
635228
636926
635756
637738
636886
635472
637264
636166
637780
636042
636408
636564
637008
637568
637284
636722
636136
637132
635412
635336
636192
635370
635174
636330
635144
637422
637634
637814
637848
637890
637924
637948
637966
638000
638162
638336
638480
638036
638564
638724
638822
639212
638876
639424
639686
639720
640090
640508
640530
640564
640880
641246
640794
640998
641150
641344
642710
644804
641790
643596
643614
641490
642348
645258
643804
644050
643194
643524
641542
645756
642536
643148
645126
644102
641628
642278
646166
644924
642886
644308
642014
644858
642398
642656
641666
643846
642868
645058
646120
646260
645816
642156
642976
644150
644588
642084
644414
644028
642466
642138
643014
642032
645670
641592
642674
641910
642924
641746
642330
642416
643130
641700
644748
643632
645192
641454
643176
642728
641408
643890
642554
645394
644476
645448
643048
644352
645860
642818
643650
645936
643232
643384
643242
642606
642766
643578
643332
646206
642102
646082
644526
643668
641848
641830
644636
645968
645600
643542
644692
643560
643282
645504
643100
644990
641960
645652
643762
645522
645710
642192
643726
643434
644248
641378
643082
645904
644198
646032
642210
645326
643966
642484
643486
645540
645798
642260
646366
646490
646592
646640
646660
646686
646780
646940
648144
647930
647178
648106
648914
647258
648282
648556
648358
647160
647140
648232
647634
649072
648778
648340
647392
648990
647966
649108
648506
647570
649008
647826
648040
647592
647948
648946
647438
648326
647674
648464
648724
647708
647308
648884
648416
647522
648194
648600
648006
647778
647214
647200
647098
647746
648660
647344
647472
649048
647882
648836
649196
649292
649372
649430
649464
649538
649486
649502
649518
649564
649572
649594
650546
649896
650322
650302
650170
650492
650256
650276
650034
650408
650218
649726
650460
650108
649688
650078
650510
650340
649868
650364
649918
650528
650384
649656
649936
650600
650242
649784
649842
649754
649812
650562
650438
650448
650640
650656
650670
650798
650900
651014
651460
651058
652008
651860
651918
651968
652404
654052
652860
653768
653786
652972
653112
653226
652706
652088
654180
654324
654300
654350
654428
655782
654910
655694
656234
655568
656158
655732
655914
655952
656214
654876
656038
656308
654670
655260
656546
656280
655464
656598
654706
655418
656424
654978
655334
654502
654552
654630
654578
655866
655820
655524
654946
655030
656084
655116
655062
655192
654848
654656
656648
656514
654768
655644
654732
654466
654602
656370
656460
654802
654528
656774
656872
657108
657156
657092
657124
657140
657172
657368
657316
657342
657222
657264
657290
657238
657188
657394
657416
657502
657458
657472
657530
657554
657582
657802
657692
657652
657754
657722
657608
657626
657706
657770
657738
657786
658948
657818
659162
659788
659286
657878
658758
659538
657962
658150
658548
658362
660042
660198
660212
660184
660296
660254
660546
660462
660398
660446
660352
660430
660338
660156
660414
660226
660134
660170
660310
660510
660366
660382
660282
660240
660478
660324
660528
660268
660494
660648
660606
660688
660564
660778
660838
660884
661464
661090
661242
661112
661136
661412
661372
661026
661038
661050
661312
661154
660942
661658
661536
661626
661846
662074
661724
662024
661986
662354
662248
662122
661956
662160
662466
661900
661762
661788
662408
662294
662206
662540
662694
662704
662732
662768
662984
663140
662838
663540
663096
662806
662930
662874
663310
663642
663038
663724
664188
664058
663928
663796
664230
663880
664026
664262
664146
663680
663842
664100
663778
663978
664820
664860
664452
664292
664748
664334
664498
664596
664678
664694
664886
664920
665282
665252
664982
665210
665060
665366
665026
665718
665444
665556
665150
665476
665596
665354
665090
664954
665678
665618
665230
665134
665580
665322
665190
665336
665640
665312
665170
665386
665114
665416
665300
665500
665520
665002
665462
665540
665758
665994
665926
665864
666142
666072
666016
666062
666118
666228
666190
666202
666262
666938
667464
668582
667896
668838
668338
666850
667390
668248
667668
668450
668868
668502
667124
667986
668392
668158
666470
667026
666296
668106
667528
666424
667802
666582
667702
667262
666676
666762
668738
667320
666338
667606
668622
668900
668936
670464
672284
670584
669594
672250
670160
669710
669246
671450
669532
670368
670226
672228
670086
670012
670036
671516
669034
671706
671718
671744
673164
672588
669432
672084
673686
669358
673078
669628
670534
673404
671396
670600
670788
673320
669838
671946
669472
670914
669148
670102
672502
669186
670440
673040
670752
669484
671260
672884
669546
671830
673236
671806
671912
670730
672738
671178
672374
671218
669916
671098
669962
670702
669662
671016
671470
670272
673644
671294
671136
672864
669222
671886
672708
672922
673486
671428
670066
672830
669322
669978
673606
671066
669750
669782
670632
669564
670818
669796
669014
668986
671776
673568
673670
672444
671364
673732
670306
669396
671320
670840
670410
671042
672988
669866
668944
672190
671590
672008
670502
669076
671550
670968
671644
672654
671858
673130
672134
671982
669104
669290
670892
672050
671240
673798
673810
673978
673832
673896
673988
674006
674058
674168
674206
674248
674598
674292
674380
674436
674474
674516
674412
674558
674662
674638
674682
674922
674944
674848
674782
674716
674818
674978
674990
675036
675082
675346
675212
675128
675274
675490
675466
675526
675756
675600
675636
675672
675702
675812
675782
675564
675858
676062
676098
676034
676118
676296
676492
676668
676720
676684
676732
676914
676932
676970
677004
677028
677062
677142
677070
677038
677098
677166
677196
677224
677258
677294
677432
678582
679086
678910
678442
677874
677972
679542
680196
678324
679410
678984
679948
679366
678218
679180
678030
678728
677572
677678
677666
678372
677898
679476
679988
678128
679802
679784
678874
679276
678788
680014
678062
678404
678490
680052
680104
679018
677626
677782
677830
679316
678270
678648
678848
678346
679516
678000
679628
679714
678824
679886
677928
680148
679612
679236
677712
679924
679698
678096
678478
678616
677592
679142
678302
678538
678692
678950
677852
678560
678164
677746
678944
677812
678260
678196
679048
679848
680288
680254
680272
680230
680594
680650
680740
680462
680828
680534
680846
681030
680630
680766
680808
681084
680580
680860
680414
680954
681146
681110
680912
680514
681060
680998
680356
680790
680710
680682
680394
680560
680372
680336
681236
681210
681172
681270
681328
681360
681384
681416
681600
681718
681788
681854
681876
681928
682096
682538
682114
682258
682572
682164
682330
682388
682208
682450
682484
682078
682652
682738
682772
682858
682948
683020
683700
683810
683076
683104
683114
683146
683676
683654
683666
683548
683502
684116
684144
684096
684088
683528
683638
683036
684230
684320
684372
684412
684422
684430
684442
684456
684474
684484
684496
684524
684696
684682
684632
684658
684824
684848
684722
684782
684974
685004
684868
685234
685258
685114
685132
685178
685036
685414
685316
685384
685474
685566
685710
685662
685874
685760
685742
687036
686402
686516
687218
686172
686746
686704
686330
686606
686576
686280
687088
685920
687166
686962
687002
686242
685946
686046
686642
686906
686858
686674
687062
686830
686482
685982
686356
686150
687112
686310
686202
686554
686452
686100
687258
687326
687300
687290
687348
687394
687456
687476
687496
687586
687650
689254
688972
687920
688628
688376
689548
688926
689068
689028
689460
687820
688476
689384
688452
688302
688264
687858
687770
688508
687950
688788
687992
689112
688568
688722
689302
687718
688946
689494
689172
688708
689144
688328
688686
689228
689422
688858
689346
687910
688890
688658
688832
688770
687876
689002
688544
689210
689472
689046
688416
689612
689622
689748
690018
689874
690740
690504
690366
690924
690966
690326
690776
690538
691226
691314
690448
690392
691196
690470
690696
691134
690054
691474
690616
690652
690814
690086
691248
691386
691526
691280
691026
690580
691428
691088
691068
691346
691648
691570
691690
692356
692584
692080
691932
693144
692830
693212
691754
692736
692056
692112
693302
693326
693362
692756
692198
693050
692472
692512
693244
692686
692894
692954
692406
693098
692938
692558
692152
692998
691868
692808
692792
692662
693268
692882
691894
693186
691960
693114
691790
691820
692624
693392
692010
693434
693618
693714
693668
693742
693756
693786
693844
693858
693814
693886
693874
693922
693944
693996
694070
694352
694458
694396
694480
694556
694616
694676
694728
694540
695728
695756
695478
695506
695568
694752
694886
694932
694948
695240
695178
694978
695812
695922
695782
695978
696024
696204
696414
696682
696640
696440
696454
696588
696512
696610
696574
696468
696832
697280
696940
697026
697096
697508
697238
697352
697312
697008
697126
697454
697066
697050
696978
697382
697410
697532
697902
698016
698206
698290
697646
697852
698328
698522
698550
698672
1005454
1005498
1005388
1005516
698730
698760
698700
698918
698800
698996
699118
698786
698884
698844
699060
698952
699140
699174
700242
699964
699452
699480
700086
699742
699548
699654
699354
699830
699518
700258
699242
699428
700338
699262
700302
699308
699332
699906
699694
699206
699930
699770
700008
699882
700166
700116
699394
699806
699610
699942
699858
700196
700488
700534
700424
700446
700378
700460
700478
700572
700546
700582
700604
700664
700634
700700
705620
702420
705264
703588
702012
703312
703378
701128
705326
705188
701158
703726
704382
702134
704620
702094
703016
704798
704292
704218
702298
705594
704046
702368
705670
705134
702550
702228
700912
700988
703362
705352
705374
705416
701714
703966
702636
705062
705244
702778
704734
701858
702736
700876
704472
701038
703512
703922
702660
703794
701524
701580
701378
700894
700902
701102
701334
703864
701278
703616
701422
704498
701790
700962
704346
701240
701930
700786
700714
703104
702878
702182
705022
703448
704706
704514
705438
704908
702452
704162
701942
702026
703172
702576
702326
704422
703654
704096
704264
705478
704832
703232
701624
702948
701078
704588
705562
700832
705510
704772
701188
701452
704434
702696
702478
705636
701482
704854
704136
704676
700938
704960
701976
701668
704640
702852
705554
704540
704564
700756
705794
705808
705706
705832
705884
705898
705928
705958
705984
706084
706114
706212
706438
706508
706538
706570
706692
706716
706754
706738
706746
706770
1005648
1005744
1005706
1005788
1005754
706810
706838
706878
706918
706946
706974
706994
707018
707042
707252
707278
707166
707186
707238
707210
707326
707340
1005824
1005844
1005860
1006002
1005816
1006040
1006064
707660
708140
707428
707472
707708
707822
707920
708008
708176
707618
707390
708284
707362
707780
707500
708254
707750
707582
707538
708110
707736
708318
709230
709514
708378
709112
709208
708770
709576
710344
710364
711332
712002
712116
712140
712160
712176
712202
712322
712340
712468
713230
712896
712928
713012
713130
713056
712718
712978
712760
712742
712596
712854
713184
712828
713152
712692
713258
712708
712786
713086
713204
713498
713376
713564
713472
713390
713406
713288
713532
713360
714010
713900
713920
714358
713822
713594
713672
714314
713950
714136
714272
714198
714388
714042
713748
714420
715944
714778
715240
715116
715746
715326
715650
714468
716168
715820
714926
715626
716108
715524
715174
715488
715896
715776
714824
715014
715852
715286
715584
715714
714842
716028
714722
715608
714680
716232
715542
715202
716190
715364
716134
715262
714636
715466
715030
715090
715984
714528
716066
714566
715406
714884
714586
715692
715154
715566
715436
714442
714762
714968
715066
716278
716322
716304
716372
716400
716412
716346
716422
716464
716512
716626
716522
716538
716612
716554
716686
716744
716862
716952
717030
717122
717148
717164
717284
717306
717472
717596
717326
717358
717570
717550
717432
717394
717522
717494
717612
717682
717646
717704
717754
717884
717930
718030
717972
718066
718132
718332
718152
718190
718208
718286
718252
718370
718586
718714
718410
718548
718756
1006098
1006114
718914
941784
1006136
1006170
960668
718948
718994
719110
719060
719174
719268
719414
719568
719398
719436
719496
719466
719618
719684
719812
719714
719846
719788
719754
719866
719902
719930
719968
719950
720054
719992
720094
720190
720138
720338
720250
720438
720464
720398
720492
720526
720926
720590
720954
720908
720730
720860
720568
720604
720818
720686
720776
720892
720874
720984
721186
721048
721244
721340
721300
721384
721762
721926
721652
721866
721702
721676
721986
721720
721624
721826
721608
721586
721964
721890
721792
722012
722082
722098
722132
722166
722224
722280
722200
722302
722246
722240
722326
722370
722352
722490
722470
722392
722542
722430
722508
722574
722630
722714
722764
722812
722860
722958
723002
723056
723104
723118
723140
723170
723200
723220
723238
723260
723270
723280
723292
723306
723338
723358
723386
723418
723442
723464
723496
723526
723558
723588
723606
723614
723622
723630
723644
723658
723672
723716
723744
723800
723828
723848
723876
723930
723966
723978
723996
724540
724600
724676
724030
724354
724280
724634
724314
724474
724690
724056
724218
724146
724444
724100
724572
724254
724012
724510
724396
724178
724488
724728
724788
727228
725642
726856
726294
725084
725278
725746
726202
726488
726058
725242
726538
726150
727628
727562
726130
725954
725342
727190
727140
727436
726692
725694
726006
727498
727474
726274
726836
725850
725068
727698
725392
727532
726078
726784
727602
726928
725312
727162
725194
726438
725492
727082
725542
727052
727008
725592
727456
725442
726908
725902
726366
726346
726764
725036
724996
727664
726964
726712
726222
726588
726418
724938
725798
724908
726640
727732
727766
727816
727860
728100
730442
729280
730418
729458
731038
732202
728232
729606
730076
732234
729652
731410
728336
730294
729016
731884
729622
730134
728170
729902
730634
730098
730904
729560
732272
728024
728394
728822
729710
732042
728978
729236
728736
730838
728420
731366
730574
728904
728582
730048
732354
728616
730510
728726
730662
731538
731480
728476
727978
731994
728160
727932
730806
731302
728994
732322
727908
730742
728492
728862
730718
731324
728844
731232
728216
729186
729972
731382
729734
731926
731134
732162
729494
732082
729752
729410
730532
729090
729818
730344
729368
728280
728752
730366
728658
728516
729314
728042
728144
731582
730218
732024
729860
728294
730494
729112
732068
729956
728088
729544
730174
730252
730002
732128
730940
735528
736594
732494
736606
732518
732882
732386
733572
732656
736634
736650
736712
736730
736814
736876
736912
1006252
1006272
1006338
1006316
1006378
1006302
737058
737034
737124
737092
737148
737194
737158
737238
737258
737338
737302
737516
737894
737928
738232
738256
738382
737966
738288
738318
738204
738110
738008
738118
738154
738052
738456
738496
738624
740848
740898
741026
740142
741088
741148
739726
739106
739494
739054
739088
739596
740456
737628
740594
738734
741558
741594
741286
739982
740720
740270
740296
740330
741414
741478
741448
741514
740016
739854
738862
738898
738926
741644
741678
737478
737354
737434
737538
737690
737798
742392
742450
741792
742220
742420
742084
741804
742470
743054
743232
743328
743426
743148
743466
743358
743286
743206
743264
743110
743168
743884
744038
743720
743522
743970
743580
743680
744074
743802
743756
743648
744006
743924
743490
743822
743770
743700
743618
743894
744108
744170
744132
744190
744508
744356
744430
744398
744318
744276
744522
744492
744538
744460
744224
744566
745106
745140
745230
745264
745208
745180
745304
745334
745350
745384
745508
745528
745608
745496
745416
745474
745546
745592
745450
745568
745682
745714
745650
745854
745822
745870
745698
745904
745838
745750
745804
745768
745922
745886
745732
745666
745786
745980
746126
746050
746014
746034
746082
746096
746140
746242
746260
746200
746394
746160
746218
746306
746414
746464
746316
746332
746442
746500
746278
747744
747860
746618
746830
747930
746788
748144
746942
746770
746864
746882
747160
748022
747632
747660
747806
746524
747868
747516
747566
747580
747542
747836
747420
747086
747588
746646
747074
746690
746750
747954
747228
747786
747682
747714
746674
747252
746904
748080
747918
748054
747450
747484
747276
746556
746594
746968
746996
747022
747038
747054
747294
747316
747330
747348
747362
747386
747398
748170
748220
748374
748388
748334
748310
748260
748288
748418
748452
1006400
748806
748602
748586
748830
748646
748752
748682
748856
748866
748964
749024
749098
749176
749452
749058
749490
749528
748934
748904
749576
749730
749918
749636
749844
749878
749766
749816
749788
749952
750022
750038
750074
750116
750158
750204
750250
750268
750344
750290
750544
750388
750416
750370
750466
750432
750502
750850
751584
751106
751436
751260
750670
751174
751652
750738
751300
751078
751358
751490
751128
750714
750788
750628
750646
751326
751020
750688
751378
750888
750590
750960
750920
751706
750996
751208
751460
751408
751552
750822
751038
751662
751624
750760
751764
751740
751870
751792
751972
752060
752096
752106
944224
752906
752532
752608
752688
752254
752806
752572
752742
752836
752980
752174
752870
752940
752780
752214
752644
752298
753012
753002
753038
753070
753092
753166
753204
753278
1006726
937112
1006490
1006704
1006542
1007672
1006618
1006666
1007698
838760
1007728
1007762
753548
753298
753468
753362
753338
753500
753422
753454
1007806
753722
753732
753680
753600
753656
753832
753626
753764
753808
753870
754298
754088
754266
754058
753912
754016
754222
754168
753958
753986
754388
753936
754348
754134
754464
754450
754478
755488
755554
754658
754526
755960
755450
754576
756012
755422
755620
756048
755152
755516
754628
755124
754686
754724
754512
755924
755592
754548
754752
756394
756136
756890
756922
756448
756562
756710
756994
757428
757348
757284
757040
757096
757120
757146
757172
757198
757222
757378
757320
757236
757474
757998
757518
758148
758072
757890
757830
757856
757562
757604
757700
757728
757934
757964
758042
757762
758106
757638
758282
758318
758176
758354
758224
758330
758614
758510
758576
758532
758438
758652
758588
758424
758480
758708
758742
758776
758834
758858
758880
758818
758894
759086
758984
758942
758924
759068
759126
759160
759192
759228
759474
759384
759762
759440
759496
759612
759628
759646
759420
759662
759698
759740
759308
759550
759264
759352
759814
759896
759868
759882
759938
759960
759970
760002
760134
760214
760306
760380
760046
760114
760246
760406
760416
760582
760556
760664
760686
760450
760780
760736
760808
760820
1007892
760832
760852
760902
760878
761056
760946
761212
761338
761432
761590
761466
1007928
762040
762156
762208
761798
761664
762108
761964
761978
761992
762134
762060
761694
761728
761764
762178
761622
762094
761946
762010
761908
762284
761646
762242
761874
761934
761840
762336
762376
762460
762316
762414
762522
762574
762702
762774
762850
762794
762604
762818
762738
762656
762626
764974
762886
764916
764958
765988
766046
766058
768084
768160
768196
768228
768322
768908
768930
768688
768528
768994
768770
768792
768588
768876
768830
768740
768958
768424
768614
768664
768506
768712
768374
769044
768562
769012
768470
769396
769828
770072
769620
770036
769346
769462
769798
769966
769934
769872
769764
769414
769694
769714
769572
769486
770138
769064
769988
769738
769516
769442
770118
769914
770376
770258
770482
770522
770414
770228
770174
770296
770334
770446
770356
770602
770640
770688
770742
770764
770776
770800
770814
770880
770904
770926
770954
770970
771610
771656
771686
771072
771260
771084
771134
771274
771346
771428
771472
771520
771568
771954
771804
772204
772006
772800
772540
772036
772692
772316
772510
772656
772764
771780
772620
772430
772940
771982
772232
772496
772962
773010
772526
773112
772146
772880
771910
771842
772388
772844
772062
771872
771932
772576
771752
772170
772728
772452
772476
772268
772412
772118
773130
771706
772360
772924
772092
772294
773518
773478
773580
773440
773458
773312
773378
773610
773166
773248
773298
773844
773776
773890
774160
774190
774046
773728
774078
773686
773644
774124
773706
774006
773940
773790
773974
774278
774226
774308
774336
774386
774560
774444
774530
774496
775054
775198
775320
775078
774598
774782
775006
775520
775486
775346
775466
775374
775446
775426
775388
775362
775406
775886
776098
775590
775560
776174
776256
777008
777352
777190
776390
776670
778570
777876
778436
778306
778154
778228
778460
777682
777750
777932
778018
778112
779038
778600
777400
777592
777630
777654
777672
778490
778266
778666
778188
777770
778532
778638
778408
777970
778364
777850
778942
778978
778998
777900
777458
777494
777516
778064
778724
778806
778894
779368
779428
779062
780546
780632
780890
780756
780820
780706
780714
780658
780676
780694
780942
781058
781024
780838
780882
779528
779834
780470
780104
781442
781770
781758
781704
781782
781850
781076
781382
781914
785476
784910
785404
785328
784954
784860
784872
785238
785152
785180
785444
785828
784610
784968
784428
785210
785294
785104
785374
785076
785276
785116
785550
785732
785788
784990
784026
783716
786394
786210
786620
786850
786514
786696
786608
786760
786944
786180
786128
785990
787262
787342
787280
786958
787296
787368
787318
787396
787158
787184
787652
787438
788778
788922
788456
788882
788668
788538
788822
788712
788734
788622
788560
788602
788756
788800
788510
788964
788696
788582
788648
788202
787912
789010
789304
789334
789908
789626
790062
790422
790078
790032
791256
791036
790760
791266
791580
791748
791814
791774
792090
792110
792124
792144
792100
792166
792176
792736
792194
792466
793032
793132
794672
795654
795988
796560
796200
795802
796476
796036
796732
796218
796416
796078
796232
796358
796124
796776
796850
796294
796948
796686
796518
796902
795896
796608
797024
795318
795136
795494
794424
794654
794906
795038
794274
794360
794294
793736
793966
794318
794390
793530
793680
793650
793628
793702
793254
797524
797504
797396
797448
797588
797544
797744
797636
797322
797058
798528
798760
799004
798804
797842
798626
798454
798942
798130
798852
798908
799364
799132
799040
799204
799280
799058
799076
799492
799564
799528
799462
799618
799592
799792
799732
799628
799832
799872
799746
799650
799676
799692
799718
799768
799884
800164
800384
800464
800518
800840
801186
801340
800864
801386
802094
802158
802282
802562
802436
802498
802406
802530
802188
802594
801960
802062
802250
801894
801950
802346
802466
802376
802218
802314
802030
802624
801462
801518
801572
802654
801432
801836
803098
803174
802702
802782
802936
802854
802680
803016
803250
1008042
1008200
1008248
1008258
803308
803586
803418
803346
803700
803556
803278
803326
803504
803728
803470
803680
810206
803948
810394
809204
803802
805896
809280
809922
803894
809748
805070
803980
803846
809476
803750
812630
810808
813164
811986
812768
810782
810622
813350
813500
810580
811906
811468
813028
813248
812712
811710
812884
812384
813378
812190
811582
812352
811176
810964
812804
810506
812658
811126
812052
811756
810688
810896
813462
810926
810868
811534
811368
812860
811684
811938
813002
812742
811244
811278
811830
810728
813278
813320
812434
812916
812100
812088
811878
812238
813104
811318
812016
813426
811068
813226
813188
811622
813140
812964
811222
811490
811030
811414
812150
813062
811648
813516
813622
813650
813584
813606
813670
813550
813704
813738
813750
813784
813818
813862
813884
813852
813894
814358
814456
814728
814872
814514
814656
814154
814304
813930
814090
815122
815276
814954
815348
815444
815382
815570
815518
815468
815620
815976
815778
815820
816804
816576
816696
816228
816372
816494
816036
816110
816266
816336
815870
815902
816842
815922
816176
816864
816928
816962
816998
817032
817286
817378
817404
817462
817502
817588
817548
817608
817908
817992
818020
818050
818198
818476
818232
818440
818576
818528
818620
818766
818660
818682
818720
1008274
819336
818938
819122
819174
818998
819158
818820
818950
819024
819058
819320
818902
818976
819222
819376
819442
819494
819734
819692
819552
819844
820002
820028
820066
820096
820150
820190
820878
821040
821250
821102
821280
820570
821178
820228
820360
820924
820542
820618
821004
821222
820518
820978
820458
820282
821352
821402
821312
821438
821464
821592
821626
821840
821680
822030
822064
822472
822738
822194
822764
822790
822894
822922
823032
823368
823402
823488
823522
823456
823560
823436
823590
823876
823786
823664
823820
823740
823942
823708
823962
823998
823892
823910
823848
823642
824230
824252
824152
824522
824190
824304
824068
824372
824042
824492
824316
824576
824102
824430
824670
824600
824702
824904
825058
824712
824856
825140
825188
825224
825116
825326
825264
825284
825308
825344
825378
825438
825634
825704
825664
825834
825740
825796
825782
825864
825886
825924
825972
826008
826020
826048
826038
826064
826130
826092
826186
826702
828312
828874
830286
829034
826856
831914
830134
830068
831812
826782
826818
826898
826934
831890
831250
826960
829442
831590
827340
826584
829252
829856
828524
829278
826944
831760
828600
830232
826796
826872
828704
830502
832040
831934
830362
827116
829794
828852
829062
827806
831502
828230
831572
831998
829660
827534
828556
831186
826356
826914
827646
828934
827422
826410
829128
827890
829298
828824
828980
828488
831620
827018
827246
828664
831722
831542
831124
827496
831636
828060
827766
829892
831288
827628
831834
829964
829108
829176
831784
827842
827076
827396
826632
828170
828862
827946
831342
829556
827154
826758
826830
826988
830808
827694
830966
829610
826492
831066
830758
830434
831392
830602
827562
829768
831864
829386
827982
831670
827280
827918
827542
829696
827180
828908
826550
827046
828384
827588
827732
830664
828572
830880
829718
826320
831968
829496
829332
831004
829200
827286
831446
828772
832354
832146
832230
832300
832568
832630
832546
832490
832068
832650
832430
832770
832792
832704
832920
833106
833200
833244
833060
832826
832964
833340
833764
833644
833786
833804
834014
833844
833828
833392
833748
834254
834288
834334
834374
834414
834454
834498
834534
834568
834926
834796
834782
834976
834860
835470
835446
835138
835158
834718
835384
834646
835062
834886
835404
834694
835260
835104
835190
834824
834752
835338
834610
835040
835286
835210
835508
835644
835854
836062
835704
835778
835910
835788
836018
835940
835976
835820
836154
835752
836124
836462
836674
836220
836900
836998
836602
836970
836408
836284
837114
836930
836716
837182
836248
836546
836754
836316
836198
837044
836490
836356
836824
836788
837160
836442
837078
836516
836628
836382
836858
836578
837358
837466
837206
837314
837592
837510
837546
837622
837688
837662
837718
837742
837776
837936
837974
838110
838136
838074
838168
838204
838238
838404
838448
838544
838474
838508
838568
838586
839224
838620
839196
838662
838700
838734
838772
838816
838852
838878
838914
838954
838982
839022
839056
839088
839124
839164
839256
839290
839348
839510
842466
842910
841788
844022
840228
840160
843672
840204
843722
841430
841858
843186
840316
844102
842420
844414
841510
841532
844452
839990
840130
843974
843326
842958
839922
840048
844596
843468
843244
841222
840738
839704
841756
842358
843080
840362
840246
841150
843940
844568
839752
840216
840264
840100
843826
842324
840508
843918
842014
842086
842156
842234
844268
839550
841822
840834
841272
843564
841660
844508
844386
839790
841172
843504
843634
843878
844322
843774
843378
841586
841640
841056
843612
839632
843300
841448
843010
840446
842518
842566
842590
842618
842652
842684
842708
842736
842770
842802
842822
842844
842872
841724
843424
839844
839862
839896
844348
840302
844182
844668
841372
840802
844536
841914
844620
843032
844478
840080
844150
844642
841964
842498
839974
843136
841694
842340
841104
844062
841894
840284
839594
841322
844230
839670
840400
844868
844786
844844
845010
844948
844742
845240
845050
844708
844766
844914
845458
845662
845778
845892
846820
846466
846274
847010
846912
846544
846782
846250
846346
846298
846726
846316
846644
846954
845984
846514
846370
846232
846030
846882
846394
846588
846978
846430
846682
847210
847124
847154
847102
847180
847232
848438
847264
848274
848322
848726
847958
847768
847646
847470
847814
848260
848380
848630
848408
848696
848116
847490
848520
847590
847584
847300
847908
848668
848342
847342
847976
848010
848048
848088
847702
847430
848184
847518
847930
847554
847796
848574
848756
847850
848218
847876
847384
848474
848154
848606
847608
847688
847744
848790
848858
848944
848930
848970
849192
849012
849094
849218
849242
849284
849376
849464
849504
849522
849560
849588
849624
850284
849682
849656
850048
849760
849872
849732
849846
849830
849646
849794
850338
850238
850316
849980
849966
850120
849904
849706
850190
850014
850388
850416
850430
850834
850438
850458
850810
850894
850928
850950
850974
851206
851236
851016
851268
851062
851094
851082
851326
850988
851304
851032
851406
851384
851464
851506
851540
851614
851660
851784
851840
851710
851770
884930
882758
855232
898592
861010
877944
862110
857766
855948
859818
886222
884014
856940
862620
872022
872054
872088
861854
870190
870204
870216
880304
899830
870052
878424
881184
874792
881802
885556
866876
860496
898166
856008
878034
860574
888732
865354
874876
884166
884806
857372
865414
860310
891200
859782
862956
858364
899150
854270
859110
855532
857942
852236
889060
859764
898680
866500
861546
874418
891710
894698
885954
870006
891240
869572
880434
889624
889280
860668
881932
881950
881964
856778
896266
857278
892082
863382
885710
873152
854988
865574
865610
865640
865670
865708
865742
865776
865804
865838
894134
852560
870452
872130
859268
853556
892494
897314
859936
858930
857410
874678
874126
860122
857334
882430
891326
853478
897418
880160
866902
895670
861754
880050
857678
879644
852784
860378
875120
859474
886314
856612
879384
881692
895860
896354
858702
865272
865180
858996
882552
894840
856206
882608
896032
879500
872608
886610
886992
880916
889712
884184
887478
891680
870592
870614
870632
870664
870698
870720
870738
892382
875184
875848
881556
882176
879404
865524
894882
879306
885664
870538
858238
888656
880358
857082
893416
895736
884480
865392
855310
858514
869832
863824
896094
855072
882488
875498
886684
875058
892688
860932
855262
857256
890730
894648
860708
857832
892920
900030
896640
894524
855686
885888
897528
858164
886418
867150
860560
857150
876742
883042
901804
879110
864140
897034
901014
855634
883106
863644
874074
887902
878568
866196
853192
868908
883464
871280
868110
902188
896908
860842
887030
866648
882966
852914
865084
866360
863288
877136
876350
879588
892446
854602
879878
883742
878138
879070
900916
880828
881532
870472
890750
868652
854408
858430
876526
861936
855112
897668
880016
895366
852844
880386
895584
882834
881742
901994
855596
891452
886590
853972
882150
890326
867566
865972
886032
896804
871768
874766
874974
863082
897700
855086
897464
869676
888374
861460
895122
857812
898612
867508
863194
870230
877794
859974
899198
870492
861294
864026
864058
877078
891000
860068
899926
875420
867466
896756
867902
868204
857850
871820
864832
894808
898044
873252
868168
881082
862936
854044
853052
901492
870766
862170
882368
871426
860648
899886
853332
869032
889468
869944
882022
895790
872396
856108
858018
859136
901910
871898
872356
878996
897964
882082
854352
884540
891778
851986
859326
871714
894374
862834
894438
892754
863570
862392
877434
870298
870076
898578
855888
872906
886130
879150
870432
866724
861656
887294
899378
854582
884600
854644
870966
883360
856398
892560
891412
865320
896556
867086
882802
872758
886150
869908
862744
859154
887166
884238
858722
855776
855030
894312
873066
898496
881302
862894
853796
866166
877330
882056
900290
855484
864866
864906
864940
865298
901110
885128
885822
893508
895170
854566
893784
877482
882302
856850
896422
886356
864720
852664
889560
880110
864190
883006
897738
877812
852290
884202
882640
900338
866146
888988
870896
876504
866836
889828
871576
859694
878464
876026
864428
864000
870028
896824
878510
857714
852354
886938
890958
888154
885110
871006
866574
890978
890192
884220
868546
885686
877222
889906
874192
874850
885092
878354
852042
899508
853246
867274
860688
869352
869052
881880
863898
868032
890472
869554
857572
872832
896478
875248
876646
887272
877350
890234
885488
858742
897628
870986
899292
899090
888066
864684
855348
852400
894574
878626
892646
879172
887410
899444
901762
872668
900498
893246
899774
856044
858468
853698
886294
858816
881980
893194
891112
853936
895000
873498
875034
878200
853530
853640
894170
888808
858648
872454
871852
893982
882354
883666
872206
893350
891658
879908
877628
897860
877156
889540
870364
898376
854208
889204
876092
857606
864260
858568
881320
866078
879980
889928
856480
901076
862726
871696
893932
890640
899972
888264
869126
858108
893148
902320
884664
873562
871874
879520
873788
887334
868432
868282
876852
855156
894082
889374
883222
898558
855398
892984
874262
863738
863718
898434
891596
865216
902026
888674
853350
886758
895330
866430
863362
875570
890258
897104
868790
864970
852274
863758
885404
879196
853300
878694
901146
892820
881512
897368
901380
894914
878284
882920
865874
881460
858394
870808
892408
899552
873722
888550
886798
877242
893640
869432
853720
889662
899358
886918
871214
890550
872688
868810
874532
859918
881102
899464
869744
893574
897550
899230
894772
852704
852972
870172
872490
860234
852624
868632
900948
897248
883306
896230
866818
859180
881898
867400
865024
880284
886494
872280
875926
884948
893026
864456
860050
877652
854022
897484
897578
859844
872946
902232
901268
868496
887984
897910
876004
864620
876936
884724
896866
861218
861130
876442
893442
901842
884390
883526
867660
897782
869866
886110
901810
900854
867184
886778
853104
866056
880650
893284
871648
885036
884260
889988
854460
853012
871084
857966
855822
895040
866292
868336
882230
866854
891220
883596
889522
879130
853756
865440
877552
861564
883200
893858
877964
900150
858594
877058
860104
896134
881166
871750
885382
902130
885054
875012
862050
875770
887634
878774
881442
896944
880712
899010
896170
878260
886864
863486
871666
854152
863174
854506
878486
877534
901174
857306
899128
867026
883080
891432
859244
894944
866022
885442
861030
862916
893964
859626
887384
894018
879730
899058
867794
864310
900216
856550
901196
881610
902272
895288
890172
858270
895904
867950
882380
890012
874280
888910
859422
864482
864506
864526
874814
863878
872588
871350
862288
884090
901588
887848
862410
892886
902154
901052
894104
887708
869270
856244
862516
897998
872926
876722
880338
871148
851888
875348
901958
893034
869986
900448
892140
860822
886570
878238
858210
869536
872004
892526
898024
868516
868392
880222
885016
868968
877570
884968
869810
901876
866800
890394
880528
864084
885248
872376
868262
881376
878444
889748
895456
886380
885464
859572
896520
879424
895526
871936
899906
871504
865140
867334
896704
882690
890770
899722
880592
868928
894480
876832
873086
893324
882720
877876
868412
900256
864226
883402
901700
880956
868692
893112
883246
882270
856146
856326
878922
876160
902044
889966
891890
871732
885624
880770
876222
886334
876626
895956
879664
867640
879090
898626
861360
884888
887432
862552
869478
874374
873012
860160
868948
865922
872510
901656
890938
866962
869412
879228
881862
872416
888710
893078
889132
857530
891970
881002
901422
871800
865114
877856
857646
898082
900236
880036
894192
888692
854916
880466
900474
855570
887538
886968
887060
874638
878178
885766
876284
857794
902084
852140
854968
870136
874336
855194
891024
883128
862534
891616
873896
894278
881340
879846
875670
854312
854550
889644
870514
854254
853148
883938
883840
889730
900084
858910
887086
856718
895236
858890
895092
856656
854294
895840
887516
853602
874726
866216
878842
852880
885316
865464
890212
890854
887782
898116
874460
867882
864552
887232
887562
890092
901616
883162
876998
898732
888462
859056
863958
901566
884324
869498
864364
857748
869188
869394
885644
897162
893712
894502
901342
898214
875304
870852
880412
888638
894218
882878
891530
902350
902376
902402
902436
902466
902498
902536
902558
902592
902682
902626
902726
902656
902750
902782
902802
902838
902932
902986
902996
903004
903016
903050
903070
903164
903230
903264
903196
903248
903216
903132
903108
903158
903308
903364
903404
903414
903538
903472
903446
903516
903548
903586
903624
903776
903814
903840
903974
904020
904728
904926
904766
905540
905578
905616
905654
905692
905750
905780
905818
905882
905938
906118
906242
906198
906266
906152
906280
906374
906712
906992
907056
907064
906490
906672
907104
907404
907456
907476
907628
907856
907826
907900
907808
907796
907674
907682
907738
907876
908028
908076
908124
907974
908100
908052
908006
907920
908148
908174
908506
908234
908368
908626
908706
908810
911098
908960
909016
909844
908914
910206
910558
910742
909478
910382
910920
909146
910024
909664
909280
911208
911170
911240
911272
911328
911398
911426
911492
912156
911520
911900
911930
912394
912484
912756
912868
912526
912678
912928
912968
913066
913088
913170
913006
913208
913246
913306
913422
913538
913606
913726
913846
913686
913564
913646
913806
913766
914024
913888
914588
914750
914278
914454
914370
914524
914386
914786
914774
914174
914762
914158
914798
914724
914294
914550
914640
914562
914438
914614
914812
914828
914862
914876
914970
914890
915066
915156
915196
915230
915536
915612
915424
915264
915794
915926
915668
916002
916074
916190
916242
916264
916300
916368
916396
916346
916434
916478
916598
916644
916770
916674
916974
916804
916924
917224
917038
917550
917706
917866
917978
917798
917414
917832
917642
917724
917594
917492
917108
917988
918028
918040
916986
918196
918154
918238
918280
918332
918388
918442
918472
918680
918750
919058
919088
918718
919226
918578
919020
918986
919198
918886
918850
919162
919250
918960
918640
919132
918794
918928
918606
919320
919358
919382
919424
919468
919510
919534
919560
919600
919620
920158
920318
920914
921428
920850
919810
919892
919748
919792
921690
921748
921252
920076
920122
919916
920492
921076
919640
919718
920710
920380
920440
921798
921816
921860
921840
921920
921968
922006
922066
922118
922212
922276
922540
922720
922356
922436
922322
922572
922472
922402
922512
922656
922688
922620
922746
922780
1008370
1008298
1008344
1008318
1008442
1008436
930122
928974
923160
924934
929412
923248
928678
932324
927006
923326
924182
929254
924234
924258
924296
928838
932130
927468
928412
923682
924402
930984
925348
924144
926564
928934
926262
925086
925636
925180
925856
927898
925736
927810
931288
929084
930692
930878
930928
930220
931232
927854
929156
928352
931386
931828
929056
928620
930634
924556
927212
925238
929028
923832
932272
929356
927062
928304
925582
925996
923540
929116
930342
932148
926788
928880
931480
931556
928718
925448
932296
925314
931884
926044
931432
928772
925698
927292
932372
926886
930172
930398
932220
928906
923000
926290
924064
924078
924088
927550
927980
925892
927110
932180
924790
923788
927144
928744
929292
929378
931048
928544
924018
929000
931746
927378
925936
929192
928492
927266
923640
923744
926728
926088
932350
930826
929888
924732
925550
930282
923100
926396
926460
923898
925610
924660
924454
928852
925402
928264
927324
926632
927944
924098
928222
931618
922928
931126
931344
925662
924348
925800
929646
927422
924510
924986
923390
929672
928796
928008
926158
929312
928116
928150
928186
929220
922830
923980
923504
931682
928584
925126
930460
927500
923614
923340
931940
928062
924844
922872
923452
932886
932666
932390
932474
933088
933120
933268
933442
933506
934312
934538
934858
935066
934988
935080
1008528
1008510
1008540
1008550
1008592
1008562
935610
935238
935366
935408
935978
935588
935780
935494
935150
935200
935330
935924
935438
935662
935122
935642
935686
936036
935936
935562
935534
936008
935872
935700
935808
935846
935290
935746
936066
936090
936146
936348
936184
936368
936418
936464
936484
936518
936594
936756
936630
936820
936790
936658
936690
936724
936894
936864
936844
937054
937086
937136
937184
937222
937242
937330
937372
937672
937730
937756
937484
937516
937444
937546
937412
937604
937276
937702
937566
937352
937634
937786
937906
937818
937872
937850
937940
938004
938026
937982
938108
938150
938326
938386
938236
938416
938440
938294
938200
1008630
1008724
1008898
1009026
938498
938594
938564
938620
939244
938652
938714
938888
939126
938976
939006
939196
938938
938738
939078
938822
938840
939166
938688
938786
939052
939282
939694
939758
939724
939386
939320
939508
939570
940002
939972
939776
940078
940168
940138
940152
940098
940032
940046
940058
940302
940640
941250
940928
941452
941204
941052
941064
940856
941356
940728
941386
941480
940826
940886
941130
940754
941422
940962
941158
941282
941322
940698
940800
940774
941010
941576
941554
941510
941594
941606
941644
941678
941752
941712
941768
941736
941810
941880
942086
942136
942174
942214
942244
1009064
943148
943258
943760
943200
943678
942404
942358
942472
943462
943358
943392
943626
942804
943418
942590
943522
943098
943586
943652
942876
943554
943496
942526
943296
943848
943782
943872
943896
943824
943928
943998
945608
944308
945294
945346
944236
944694
944406
944948
946478
944438
944762
944992
944728
944826
944068
944126
944202
946454
944610
944680
944330
946502
946630
944458
945672
945442
944596
944784
944526
944904
944870
944890
947132
947412
946834
946698
946800
947524
947462
947656
947722
947546
947640
947812
947854
947758
947952
948246
948266
948358
948210
948326
948414
948098
948068
948460
948570
949292
950584
950778
948494
948532
949640
949802
949344
950708
948898
950600
949248
950830
950860
951114
951160
951026
950906
1009144
951668
951294
951886
951784
951984
951524
951620
951376
951408
951446
951712
951342
951838
951228
951948
951186
951260
951478
951726
952532
952664
952740
952970
953114
952048
952174
952224
952360
952440
952828
952898
953190
953172
953228
953256
1009186
953588
953326
953354
953686
953542
953622
953750
953772
953652
953286
953496
953276
953788
953462
953416
953712
953734
953840
953804
953922
954156
954616
954506
954468
954736
954780
954054
954708
954236
954330
954262
954558
954186
954690
954658
954312
954078
954362
954396
954022
954208
954428
954766
954372
954128
954286
954836
954882
954928
954974
955020
955066
955112
955158
955204
955342
955296
955250
955388
955434
955480
955526
955572
955618
955664
955710
955756
955802
955848
955894
955940
955986
956032
956170
956538
956262
956216
956078
956492
956446
956354
956400
956584
956308
956124
956676
956630
956722
956734
956780
956794
956808
956854
956900
956946
956992
957026
957072
957118
957152
957198
957244
957290
957336
957382
957428
957474
957570
957536
957502
957604
957636
957648
957694
957740
957786
957832
957858
957904
1009238
957950
957970
958070
958012
958090
958132
958370
958754
958192
958318
958860
958814
958836
959010
959730
959174
958910
959780
958886
959814
959332
959206
958978
958932
959260
959690
959584
959856
959368
959662
959542
959046
959060
959084
959122
959146
959420
959758
959618
959288
959880
959910
960082
960416
960368
960328
960236
960112
960290
960202
960134
960470
960492
960514
960174
960538
960780
960706
960882
960754
960902
960938
961030
961086
961226
961260
961402
961422
961302
961360
961380
961326
961276
961454
961348
961518
961490
961548
961604
961724
961762
961624
961698
961582
961568
961788
961812
962218
962196
961994
962052
961894
962030
962146
962102
962242
962376
962632
962578
962708
962520
962500
962470
962450
962548
962690
962432
962614
962670
962848
962980
962736
962828
963024
963058
963104
963114
963550
963584
963308
963332
963484
963454
963256
963144
963666
963656
963622
963856
963908
964030
963986
964068
964098
963816
963750
963774
963884
963718
963964
964212
964278
964322
964370
964568
964416
964130
964166
964258
964230
964196
964606
964622
964696
964674
964842
964732
964872
964816
964924
965000
965104
965126
965078
965052
965170
965218
965270
965240
965330
965342
965378
965350
965482
965728
965742
965910
965576
965506
966050
966018
966162
966120
965998
966080
965982
966034
965962
966306
966208
966276
966502
966510
966354
966468
966742
966828
966612
966992
966636
966708
966556
966962
966678
966870
966900
966778
966802
966576
966932
967022
967062
967082
967160
967116
967304
967276
967334
967386
967450
967462
967416
967526
967494
967778
967606
967556
967676
967642
967912
967882
968038
967980
967712
967958
968088
968390
968316
968252
968290
968302
968416
968458
968474
968448
968582
968496
972248
970998
969912
972756
969596
971098
969686
971272
969648
969460
969836
971462
971300
970720
968758
972680
970134
969506
968888
972104
971684
971052
970444
972972
971588
970946
968728
970374
969484
970282
969946
969628
972438
972570
972648
972816
972466
968990
972296
970582
972272
970104
971644
968952
968926
970084
972072
972536
969728
969982
970160
971186
970302
972364
969068
969088
969146
969176
969206
969224
969240
969258
969286
969310
969346
969358
969390
972936
969568
970472
972718
970900
972508
970044
970860
972854
969768
970544
971764
971880
971792
971232
971344
968796
971924
970618
969528
969426
972020
970250
970212
970812
970122
969876
972602
971146
970678
969800
972888
971832
968808
971976
970334
972990
969010
972912
968854
971732
973022
971498
972322
972212
970062
971540
970192
971360
968710
972182
972394
970508
970406
971410
971316
972132
972792
970654
973042
970024
968652
973094
973288
973332
973244
973192
973144
973384
973432
973418
973456
973488
974058
973872
973760
973966
974602
974092
974106
974194
974528
974126
974140
974168
974326
974236
974270
974636
973984
974494
973524
974006
973892
973570
973604
973618
974302
974460
973650
973832
974670
974824
974906
974732
974800
974704
974780
974880
974758
974850
974928
974964
975000
975036
975238
975274
975310
975346
975382
975418
975454
975490
975526
975562
975582
975688
975628
975748
975794
975830
975866
975902
975938
975974
976010
976046
976082
976118
976154
976190
976226
976532
976262
976430
976760
976502
976394
976346
976826
976620
976722
976790
976556
976592
976460
976890
976854
976926
976916
976936
976972
976980
977194
977268
977488
977680
977226
977090
977454
977318
977516
977248
977118
976996
977358
977386
977622
977408
977608
977160
977022
977142
977552
977572
977726
977756
977912
977946
977972
977998
978050
978116
978100
978018
978134
978160
978188
978210
978474
978520
978554
978594
980482
981188
980732
979460
979748
978858
981130
981092
978786
980432
979504
980622
980902
979298
978818
980778
980838
981258
981374
981300
980680
979782
978650
981342
979712
978604
980152
979364
979178
979246
979642
979864
981420
979948
980090
979906
979588
978758
978938
980944
979092
980006
979202
981392
979398
979056
980034
980966
980304
980410
978720
980196
978982
980254
981016
980364
980568
981458
982110
982174
982190
982208
982122
982150
982256
982226
982330
982278
984064
984480
984248
985076
982468
985256
982772
984626
985380
983000
985020
983584
982684
982578
983864
985188
985442
982358
982870
983350
983152
982736
982406
984826
985632
985714
985518
985596
982630
985748
985782
985952
986000
986078
986112
986146
986180
988536
994932
995868
987982
986838
992310
992928
991144
993310
992450
990760
992564
995106
993056
995510
993152
986692
990918
992776
995630
987668
990226
987868
994150
987346
991882
993490
988112
987436
991686
986608
987484
988426
991578
993736
986730
990098
987704
990056
987764
994706
988068
988346
986272
994092
991636
988262
988298
993798
993386
988924
995200
992226
989790
988856
991954
987820
993266
990608
988778
990260
994444
989524
988814
986484
987034
993852
995560
987166
995360
992672
988676
994022
990954
989210
989348
988390
989842
987204
993442
991298
991266
994200
991840
986326
989708
993978
988020
994756
995690
988572
990528
992728
990464
990802
989670
988612
994824
989396
994512
986548
988894
992384
994572
989488
991468
989886
992070
995742
987524
990874
993618
989180
994882
990184
992016
990572
995284
988148
986214
988648
989064
987070
991226
992606
989142
986882
987384
993108
991510
992970
986786
986446
991102
994366
993662
992184
989102
989444
994322
990422
987120
995056
995918
996090
996518
995994
996492
996284
996416
996014
996314
996790
996208
996714
996390
996116
996612
996192
996594
996688
996882
996810
996930
997150
997064
997022
997168
997054
996998
997222
997204
997080
996974
997186
997118
997254
997270
997134
996954
997238
997038
997096
997286
997380
997322
997342
997362
997410
997534
997510
997660
997744
997704
997786
997612
997898
997844
997932
997948
997994
998012
998094
998792
999028
998410
998264
998116
998622
999054
999106
999136
1010954
1009286
1010916
1010928
1010974
999170
999200
999222
999256
999290
999324
999466
999774
1002062
999822
999856
999894
999932
999966
1000008
1000048
1000096
1000132
1000186
1000230
1000298
1000356
1000400
1000448
1000484
1000520
1000556
1000594
1000632
1000670
1000706
1000730
1000760
1000808
1000860
1000898
1000938
1000978
1001016
1001056
1001114
1001170
1001228
1001284
1001340
1001398
1001454
1001506
1001560
1001626
1001690
1001736
1001768
1001802
1001836
1001870
1001904
1001938
1001972
1002006
1002040
1002096
1002130
1002152
1002176
1002190
1002168
1002204
1002258
1002346
1002380
1002496
1002512
1002530
1002548
1002600
1002654
1002704
1002754
1002788
1002816
1002840
1002894
1002974
1003008
1003080
1003130
1003202
1003258
1003352
1003398
1003470
1003542
1003606
1003744
1003758
1011072
1011148
1011166
1011338
1011356
1011250
1011374
1011420
1011056
1011490
1011044
1011276
1011306
1011290
1011084
1011028
1011184
1011218
1011436
1011474
1011234
1011008
1011116
1011322
1011388
1011458
1011404
1011202
1011100
1011132
1011506
1011520
1011528
1011536
1011544
1011556
1011564
1011644
1011714
1011730
1011800
1011576
1011582
1011596
1011608
1011620
1011822
1011816
1011984
1012016
1011828
1011910
1012176
1011838
1012088
1012374
1012418
1012250
1012326
1012434
1012444
1012454
1012464
1012474
1012484
1012494
1012504
1012514
1012524
1012534
1012544
1012550
1012560
1012570
1012580
1012586
1012596
1012606
1012616
1012622
1012644
1012672
1012690
1012992
1012724
1012886
1012774
1012708
1012924
1012808
1012956
1012848
1013012
1013144
1013254
1013270
1013290
1013308
1013332
1013362
1013370
1013386
1013424
1013450
1013466
1021028
1013556
1013596
1013672
1013736
1013778
1013844
1013930
1014018
1014048
1014092
1014116
1014182
1014462
1014366
1014484
1014132
1014146
1014228
1014358
1014512
1014550
1014584
1014644
1014690
1014728
1014740
1015002
1014820
1014784
1014874
1015030
1015066
1015104
1015132
1015164
1015200
1015210
1015252
1015294
1015336
1015378
1015418
1015486
1015522
1015562
1015608
1015654
1015706
1015800
1015852
1015904
1015958
1015996
1016040
1016078
1016108
1016152
1016170
1016214
1016252
1016298
1016330
1016524
1016386
1016434
1016452
1016564
1016608
1016664
1016728
1016778
1016850
1016902
1016932
1016956
1017112
1017162
1017200
1017236
1017216
1017294
1017270
1017316
1017430
1017508
1017574
1017594
1017620
1017666
1017720
1017732
1017760
1017920
1017832
1017786
1018208
1018248
1018298
1018328
1018344
1018352
1018386
1018410
1018476
1018540
1018578
1018706
1018760
1018882
1018920
1018954
1019008
1019986
1019298
1019266
1019936
1019616
1019566
1019406
1019770
1019038
1019192
1020008
1020062
1020178
1020294
1020410
1020514
1020618
1020722
1020762
1020790
1020842
1028806
1028824
1020874
1020940
1021042
1021064
1021112
1021144
1021200
1021256
1021308
1021350
1021388
1021478
1021420
1021442
1021494
1021510
1021552
1021596
1021638
1021680
1021736
1021800
1021832
1021868
1021926
1021984
1022030
1022092
1022114
1022150
1022214
1022268
1022314
1022354
1022412
1022472
1022500
1022566
1022610
1022652
1022704
1022766
1022834
1022918
1022984
1023048
1023128
1023180
1023224
1023284
1023334
1023402
1023446
1023490
1023542
1023594
1023678
1023746
1023860
1023966
1024034
1024112
1024188
1024282
1024384
1024460
1024532
1024606
1024678
1024764
1024848
1024898
1024948
1024994
1025038
1025082
1025134
1025194
1025230
1025274
1025324
1025376
1025426
1025478
1025542
1025584
1025622
1025660
1025696
1025746
1025782
1025850
1025902
1025970
1026022
1026096
1026142
1026186
1026250
1026300
1026334
1026386
1026424
1026464
1026516
1026566
1026622
1026654
1026686
1026702
1026958
1027130
1026792
1027020
1027076
1027236
1027394
1027302
1027604
1027682
1027504
1027444
1027710
1027732
1027760
1027836
1027866
1027926
1027896
1027972
1028018
1028092
1028846
1028142
1028158
1028190
1028276
1028318
1028116
1028246
1028218
1028338
1028382
1028354
1028410
1028550
1028440
1028492
1028612
1028674
1028726
1028866
1028936
1029094
1029030
1029144
1029206
1029242
1029266
1029288
1029306
1029336
1029434
1029408
1029386
1029454
1030338
1030386
1087754
1087768
1087782
1087796
1087814
1087832
1087844
1087858
1087880
1087894
1087908
1087924
1087938
1087950
1087964
1087978
1087992
1088006
1088020
1088036
1088050
1088064
1088078
1088094
1088108
1088122
1088136
1088150
1088166
1088180
1088194
1088210
1088226
1088240
1088256
1088272
1088290
1088300
1088314
1088330
1088342
1088358
1088372
1088386
1088400
1088414
1088430
1088444
1088462
1088476
1088492
1088510
1088524
1088538
1088550
1088564
1088576
1088592
1088608
1088628
1088644
1088660
1088674
1088692
1088708
1088720
1088734
1088748
1088762
1088776
1088786
1088802
1088814
1088828
1088844
1088856
1088872
1088886
1088896
1088908
1088920
1088938
1088952
1088964
1088978
1088990
1089008
1089020
1089036
1089052
1089066
1089082
1089094
1089106
1089122
1089132
1089144
1089158
1089174
1089186
1089202
1089214
1089226
1089240
1089256
1089270
1089286
1089300
1089316
1089330
1089342
1089356
1089368
1089384
1089398
1089414
1089430
1089450
1089464
1089480
1089496
1089510
1089526
1089542
1089558
1089576
1089588
1089602
1089618
1089632
1089646
1089660
1089676
1089694
1089708
1089724
1089742
1089756
1089770
1089786
1089802
1089816
1089830
1089846
1089856
1089870
1089886
1089902
1089918
1089930
1089946
1089960
1089978
1089990
1090004
1090018
1090034
1090046
1090058
1090074
1090088
1090102
1090118
1090132
1090146
1090162
1090174
1090188
1090202
1090218
1090232
1090246
1090262
1090280
1090296
1090310
1090324
1090336
1090348
1090364
1090382
1090396
1090410
1090426
1090438
1090452
1090466
1090480
1090494
1090508
1090526
1090538
1090552
1090566
1090580
1090594
1090606
1090618
1090632
1090648
1090664
1090678
1090692
1090706
1090722
1090738
1090754
1090772
1090784
1090796
1090812
1090824
1090840
1090854
1090868
1090882
1090896
1090908
1090924
1090938
1090952
1090966
1090980
1090994
1091006
1091022
1091036
1091052
1091066
1091080
1091094
1091108
1091120
1091132
1091146
1091158
1091170
1091182
1091194
1091206
1091220
1091234
1091248
1091262
1091274
1091288
1091302
1091316
1091328
1091340
1091354
1091366
1091380
1091392
1091404
1091416
1091430
1091444
1091458
1091470
1091484
1091498
1091510
1091524
1091538
1091550
1091562
1091574
1091588
1091602
1091614
1091628
1091642
1091654
1091672
1091688
1091702
1091722
1091736
1091748
1091762
1091776
1091790
1091804
1091818
1091832
1091846
1091860
1091872
1091888
1091900
1091914
1091928
1091942
1091954
1091968
1091986
1092000
1092014
1092026
1092040
1092058
1092072
1092086
1092100
1092116
1092130
1092144
1092160
1092172
1092186
1092202
1092214
1092228
1092242
1092256
1092270
1092284
1092298
1092312
1092330
1092342
1092358
1092374
1092388
1092402
1092416
1092430
1092442
1092454
1092468
1092482
1092496
1092510
1092524
1092536
1092550
1092564
1092576
1092592
1092606
1092620
1092634
1092648
1092662
1092674
1092688
1092700
1092712
1092724
1092736
1092754
1092770
1092784
1092798
1092814
1092826
1092860
1092906
1092952
1092920
1092934
1092878
1092892
1092976
1093006
1093040
1093142
1093182
1093216
1093250
1093284
1093318
1093352
1093502
1093594
1093636
1093702
1093386
1093456
1093746
1093780
1093814
1093844
1093892
1093926
1093960
1094022
1093994
1094122
1094160
1094204
1094066
1094412
1094570
1095688
1094606
1094750
1095332
1095496
1094978
1095270
1094716
1095508
1095160
1094480
1095726
1095604
1095446
1095372
1095714
1094282
1094316
1094652
1094852
1095482
1095640
1095538
1094924
1094836
1095288
1094380
1095756
1094762
1095802
1095348
1095234
1094514
1094640
1095570
1094960
1095396
1095846
1095424
1094688
1095076
1095142
1094894
1095106
1095862
1095204
1094358
1095022
1094338
1095878
1094738
1094666
1094250
1094774
1094802
1095894
1095928
1095944
1095962
1096154
1096258
1096252
1096264
1096208
1095988
1096112
1096194
1096072
1096238
1096034
1096138
1096270
1096294
1096334
1096376
1096410
1096444
1096478
1096512
1096546
1096580
1096614
1096650
1096698
1096714
1096748
1096868
1096904
1097024
1097068
1097094
1097128
1097162
1097196
1097256
1097290
1097324
1097358
1097392
1097426
1097460
1097494
1097542
1097578
1097838
1097612
1097644
1097878
1098120
1097690
1098034
1098080
1098144
1098178
1098212
1098278
1098300
1098334
1098368
1761452
1761500
1761544
1761598
1098402
1098880
1098506
1098776
1098796
1098726
1098750
1098594
1098652
1098738
1098436
1098862
1098838
1098762
1098902
1098536
1098466
1098784
1098710
1098912
1098954
1099128
1098946
1099114
1099064
1099054
1099012
1099166
1099200
1099234
1099268
1099902
1099480
1099534
1099570
1100018
1099756
1099308
1100140
1100184
1100218
1100252
1100286
1100320
1100354
1100464
1100388
1100426
1100502
1100536
1100570
1100604
1100778
1100926
1100638
1100746
1100996
1101436
1101304
1101208
1101292
1101744
1101030
1101620
1101086
1101802
1101836
1102146
1101870
1102028
1102134
1102552
1102304
1102408
1102968
1102676
1102190
1103284
1103972
1104076
1104134
1103600
1104194
1104228
1104370
1104486
1104532
1104566
1104602
1104636
1104670
1104704
1104738
1104792
1104948
1105012
1105106
1104884
1105060
1104844
1105174
1105880
1106266
1105684
1106612
1106152
1106436
1105538
1105308
1105208
1106006
1105406
1106656
1106690
1106724
1106758
1109202
1106890
1107546
1109138
1108804
1107694
1108002
1107464
1106792
1107160
1108864
1107106
1106840
1107012
1108984
1108136
1107834
1108402
1107332
1109028
1108618
1107382
1109332
1109362
1109428
1109464
1109502
1109536
1109582
1109616
1109650
1109684
1109718
1109752
1109786
1109864
1110092
1110156
1110260
1109924
1110342
1110376
1110410
1110444
1110478
1110518
1110570
1110614
1110648
1110682
1110716
1110750
1110784
1110818
1110852
1110886
1110920
1110954
1110988
1111552
1111036
1111414
1111368
1111254
1111506
1111322
1111102
1111176
1111460
1111596
1111630
1111664
1111698
1111732
1111766
1111800
1111886
1111972
1112020
1111834
1111928
1112066
1112106
1112140
1112174
1112208
1112256
1112290
1112324
1112358
1112392
1112426
1112480
1112490
1112526
1112840
1113038
1113088
1113218
1113122
1112906
1112674
1112616
1113266
1112560
1112790
1112732
1113170
1112972
1113318
1113352
1113556
1113432
1113440
1113732
1113780
1113600
1113644
1113686
1113486
1113426
1113386
1113826
1113460
1113522
1113402
1113844
1113864
1113898
1761678
1761692
1761644
1761660
1761632
1761708
1761722
1333364
1761768
1761756
1761778
1113932
1113970
1113998
1114032
1114066
1114100
1114134
1114168
1114202
1114236
1114270
1114304
1114338
1114372
1114406
1114440
1114474
1114508
1114542
1114576
1114610
1114694
1114842
1114874
1114908
1114942
1115174
1115244
1115524
1115002
1114976
1115826
1115850
1117026
1116028
1115884
1116766
1116250
1116508
1117282
1117316
1117350
1117384
1117450
1117726
1117760
1117794
1117858
1117838
1117868
1117828
1117848
1117878
1117912
1117956
1118200
1118170
1118016
1117990
1118358
1118476
1118510
1118578
1118612
1118646
1118680
1118796
1118730
1118822
1118714
1118766
1118850
1118884
1118918
1119018
1119052
1118966
1119116
1119166
1119204
1119220
1119250
1119274
1119308
1119694
1119716
1119774
1119526
1119570
1119444
1119488
1119354
1119402
1119608
1119654
1119804
1120012
1119942
1120094
1120052
1119972
1119882
1119838
1120164
1120198
1120232
1120316
1120336
1120412
1120424
1120458
1120668
1120502
1120586
1120728
1120762
1120826
1120860
1120894
1120928
1121024
1120962
1121204
1121184
1121000
1120982
1121170
1121042
1121078
1121102
1121124
1121218
1121272
1121292
1121330
1121398
1121454
1121534
1121590
1121670
1121732
1121818
1122118
1122084
1122252
1122008
1122144
1122216
1121852
1121970
1122284
1122318
1122352
1122386
1122420
1122502
1122532
1122622
1122632
1122664
1122698
1122752
1122816
1122888
1122958
1123032
1123110
1123130
1123200
1123222
1123468
1123288
1123312
1123268
1123414
1123450
1123376
1123366
1123432
1123386
1123396
1123356
1123276
1123484
1123540
1123518
1123560
1123594
1123628
1123662
1124056
1124152
1124324
1123696
1123792
1123976
1124436
1124470
1124504
1124570
1124598
1124632
1124666
1124722
1124910
1124958
1124776
1124986
1125020
1125198
1124834
1125138
1124852
1124890
1124756
1124792
1125104
1125064
1125248
1125282
1125316
1125352
1125386
1125420
1125454
1125488
1125522
1125716
1125762
1125796
1125882
1125966
1126062
1126106
1126140
1126174
1126208
1126242
1126276
1126310
1126344
1126378
1126412
1126446
1126480
1126528
1126562
1126596
1126630
1126664
1126698
1126732
1126882
1126812
1126766
1126998
1127032
1127066
1127148
1127090
1127188
1127222
1127256
1127540
1127708
1127728
1127602
1127784
1127634
1127290
1128008
1128194
1128412
1128120
1128042
1128262
1128350
1128540
1128506
1128588
1128622
1128656
1128696
1128838
1128788
1128876
1128962
1128760
1128804
1128906
1128730
1128940
1129040
1128984
1129048
1129014
1128994
1129060
1129004
1129102
1129308
1129180
1129136
1129224
1129274
1129342
1129376
1129410
1129444
1129478
1129512
1129546
1129580
1129614
1129648
1129682
1129716
1129750
1129784
1129818
1129852
1129886
1129920
1129954
1129988
1130022
1130056
1130090
1130124
1130158
1130192
1130226
1130260
1130442
1130410
1130294
1130356
1130600
1130336
1130556
1130380
1130482
1130520
1130630
1130664
1130698
1130732
1130842
1131068
1131010
1130912
1130784
1131076
1130966
1130808
1130798
1130924
1130776
1130950
1131092
1130936
1131054
1131104
1131372
1131168
1131138
1131314
1131208
1131260
1131426
1131460
1131494
1131528
1131562
1131596
1131630
1131664
1131698
1131732
1131806
1131828
1131918
1131962
1131996
1132228
1132500
1132546
1132580
1132618
1132652
1132692
1132726
1132760
1132794
1132856
1132890
1132936
1133004
1132970
1133038
1133094
1133116
1133128
1133162
1133196
1133230
1133264
1133298
1133332
1133366
1133400
1133476
1133442
1133510
1133544
1133612
1133578
1133646
1133680
1133714
1133776
1133832
1133882
1134030
1134078
1134128
1134196
1134256
1134296
1134460
1134494
1134556
1134616
1134686
1134856
1134896
1134942
1135070
1134976
1135104
1135140
1135176
1135962
1135592
1135652
1136792
1136720
1135302
1136298
1137186
1137484
1137554
1137588
1137622
1137656
1137690
1137724
1137758
1137792
1137826
1137860
1137894
1137928
1137962
1137996
1138030
1138064
1138162
1138674
1138738
1139200
1139578
1139276
1139242
1139830
1139864
1140042
1139896
1140086
1140006
1140064
1139920
1139986
1140096
1140128
1140164
1140230
1140192
1140182
1140272
1140332
1140306
1140368
1140402
1140574
1140620
1140436
1140522
1140686
1140652
1140720
1140896
1140788
1140860
1141002
1140968
1140824
1140754
1141038
1140932
1141072
1141108
1141142
1141176
1141244
1141210
1141278
1141312
1141346
1141380
1141414
1141562
1141524
1141600
1141486
1141448
1141974
1142012
1141668
1141744
1141808
1141824
1141832
1141898
1141860
1141936
1141706
1141634
1142050
1142084
1142148
1142118
1142184
1142218
1142252
1142294
1142306
1142484
1142522
1142586
1142670
1142730
1142804
1142876
1142620
1142912
1142946
1142974
1142986
1143010
1143184
1143130
1143158
1143076
1143248
1143282
1143364
1143398
1143432
1143466
1143500
1143534
1143568
1143700
1143812
1144442
1144584
1144388
1144542
1144882
1145030
1144678
1143850
1144724
1144754
1144806
1143636
1143666
1144632
1144840
1144868
1144502
1144100
1144254
1143602
1144298
1143982
1144336
1145080
1145608
1145482
1145218
1145370
1145726
1145550
1145320
1145114
1145268
1145158
1145430
1145668
1145826
1145816
1145794
1145806
1145836
1145848
1145882
1145916
1145950
1145984
1146018
1146052
1146086
1146126
1146160
1146194
1146228
1146262
1146296
1146330
1146364
1146398
1146432
1146466
1146500
1146534
1146568
1146602
1146636
1146670
1146704
1146738
1146786
1146820
1146854
1146888
1146928
1146962
1146984
1147018
1147052
1147102
1147154
1249550
1248496
1249358
1249204
1249450
1249276
1761840
1249134
1761812
1761850
1249082
1249156
1249222
1761884
1249484
1249386
1249300
1761920
1147326
1147254
1147280
1147206
1147466
1147420
1147564
1147504
1147536
1147390
1147350
1147638
1147690
1147716
1147754
1147798
1147912
1147906
1147836
1147878
1147934
1147962
1148040
1148118
1148458
1148226
1148368
1148244
1148336
1148514
1148286
1148404
1147994
1148160
1148080
1148212
1148562
1148598
1148650
1148676
1148698
1148722
1148744
1148780
1148870
1148822
1148860
1148882
1148916
1148924
1148958
1149022
1149074
1149108
1149188
1149222
1149256
1149290
1149340
1149374
1149408
1149450
1149484
1149994
1150204
1149544
1149790
1149898
1150104
1150242
1150276
1150330
1150364
1150398
1150432
1150478
1150508
1150532
1150568
1150828
1150862
1150896
1150988
1151206
1151364
1152086
1151948
1151654
1151446
1152312
1152266
1152712
1151864
1152808
1152858
1152402
1152538
1152584
1152488
1152448
1152358
1151604
1151398
1151710
1151508
1151766
1151904
1152668
1152176
1152766
1152222
1151556
1152130
1152038
1151992
1151814
1152624
1152894
1152928
1152962
1152996
1153098
1153030
1153064
1153132
1153166
1153462
1153534
1153574
1153264
1153412
1153640
1153200
1153360
1153716
1153750
1154094
1154188
1153884
1153788
1154472
1154074
1154340
1154206
1154606
1153978
1155594
1155134
1155068
1155124
1154738
1154812
1155776
1154908
1155264
1154896
1155044
1155158
1155432
1155008
1155560
1155882
1155396
1155956
1154838
1155848
1155740
1154934
1155322
1155992
1156064
1155488
1155230
1155666
1156246
1156486
1156506
1156172
1156098
1160482
1161210
1159998
1163406
1161840
1162936
1163022
1160956
1161050
1161158
1158380
1156592
1156640
1156750
1157696
1164428
1157418
1157498
1158820
1158898
1159484
1158954
1160614
1158500
1161692
1159314
1159434
1160164
1160378
1163190
1158286
1158004
1160112
1157654
1159534
1163706
1156528
1164042
1156878
1161414
1161350
1161488
1161542
1161640
1164834
1163242
1157804
1161262
1157612
1164340
1158706
1158770
1164478
1160248
1160430
1164784
1156560
1161902
1162052
1160326
1160060
1163294
1162104
1162210
1164252
1158174
1158236
1163758
1162846
1161298
1161764
1164570
1164632
1164746
1157058
1162262
1162632
1162408
1162794
1157258
1157370
1161106
1159078
1159138
1159264
1159918
1157546
1156780
1163074
1157170
1157862
1157956
1160666
1160802
1160700
1160904
1158628
1159588
1159754
1159640
1159866
1158550
1163990
1163938
1163532
1164880
1165448
1165208
1165086
1165568
1165578
1165750
1165610
1165736
1165874
1165928
1166618
1166408
1166284
1166158
1166438
1165984
1166072
1166814
1166848
1166878
1166912
1168050
1168128
1167724
1167952
1168006
1167544
1167376
1167706
1167254
1167338
1166946
1167200
1167220
1167882
1167902
1167770
1167168
1167032
1167152
1168164
1168262
1168326
1168460
1168350
1168504
1168384
1168306
1168222
1168416
1168674
1168198
1168564
1168580
1168638
1168602
1168706
1168762
1168796
1168830
1168864
1168898
1168932
1168966
1169104
1169138
1169196
1169230
1169264
1169298
1169332
1169366
1169400
1169462
1169622
1169496
1169670
1169704
1169750
1169784
1172958
1172844
1171220
1172624
1171098
1172738
1170020
1174204
1172062
1173416
1170862
1170726
1169910
1172398
1170800
1173968
1171710
1174082
1170328
1170238
1170504
1171958
1173520
1173632
1174326
1171464
1173186
1171342
1172174
1170924
1169818
1172286
1170414
1171586
1171834
1173072
1170130
1170984
1173744
1170672
1172510
1173300
1170586
1173856
1174448
1174482
1174662
1174710
1174540
1174578
1174740
1174604
1175012
1175180
1175042
1175072
1174840
1175364
1175228
1175296
1174772
1174806
1175082
1175104
1175392
1174894
1174940
1175440
1175474
1175640
1175568
1175508
1175714
1175748
1175826
1175874
1175782
1175932
1176274
1176790
1176632
1175966
1176394
1176124
1176502
1176454
1176198
1177020
1176058
1176902
1176420
1176156
1176844
1176548
1176962
1176316
1176026
1177072
1176360
1176090
1175994
1176678
1176592
1176238
1176734
1178280
1177190
1177234
1177106
1177340
1177516
1177364
1178132
1177944
1177434
1177612
1177776
1178472
1178506
1178540
1178574
1178684
1178754
1178852
1178894
1178970
1179356
1179434
1178980
1179080
1178608
1179196
1179272
1179518
1179552
1179586
1179662
1180130
1179834
1179810
1180000
1180110
1179858
1179872
1179886
1179906
1179928
1179948
1179974
1180198
1180232
1180266
1180300
1180334
1180368
1761954
1180602
1180726
1180480
1180824
1181002
1180566
1180686
1180928
1180504
1180424
1181100
1181166
1181274
1181214
1181198
1181290
1181240
1181310
1181358
1181340
1181384
1181428
1181444
1181552
1181498
1181508
1181540
1181514
1181490
1181532
1181522
1181484
1181590
1181624
1181652
1181572
1181698
1181660
1181692
1181616
1181566
1181644
1181726
1181778
1181800
1181838
1181874
1181904
1181926
1762042
1762084
1762250
1762290
1762102
1762150
1762326
1761988
1762182
1762226
1763482
1762766
1763520
1763766
1762664
1763152
1763196
1763114
1763950
1762726
1762778
1762828
1763628
1762372
1762412
1763866
1762898
1762942
1763056
1763372
1762422
1762456
1762472
1763428
1181946
1181988
1182030
1182054
1182068
1182108
1182130
1182152
1182172
1182202
1182230
1182350
1182282
1182308
1182268
1182290
1182396
1182364
1182384
1182374
1182408
1182442
1182476
1182510
1182574
1182594
1182652
1182710
1182732
1182888
1182772
1182834
1183006
1183040
1182930
1182964
1183080
1183134
1183158
1183206
1183704
1183504
1183542
1183294
1183452
1183232
1183616
1183608
1183216
1183694
1183774
1183404
1183722
1183584
1183592
1183354
1183766
1183670
1183626
1183224
1183798
1183600
1183752
1183820
1183904
1183956
1183854
1183896
1184920
1185162
1185018
1185274
1184982
1184954
1185126
1185200
1185084
1185240
1185058
1184752
1184808
1184690
1185308
1185342
1186056
1185808
1186308
1185748
1185956
1185612
1186494
1186108
1186260
1186020
1186356
1186236
1186432
1186404
1186374
1185450
1186590
1185376
1186610
1186278
1185708
1186572
1185394
1185628
1185866
1185520
1186094
1185570
1185916
1185586
1186174
1186640
1186674
1186740
1186774
1186866
1186920
1187022
1187082
1187116
1187150
1187192
1187214
1187238
1187270
1187292
1187326
1187402
1187436
1187470
1187504
1187538
1187572
1187606
1187640
1187664
1187698
1187732
1187766
1187800
1187834
1187868
1187888
1187918
1187988
1188074
1187968
1188180
1188146
1188196
1188330
1188376
1188230
1188300
1188402
1188436
1188608
1188470
1188578
1188676
1188886
1189220
1188710
1189050
1189414
1194224
1191084
1189908
1193210
1191444
1190086
1192434
1194030
1192606
1193768
1189650
1193440
1192872
1191716
1193030
1191258
1194680
1189448
1192240
1193574
1190552
1191966
1190276
1190806
1194486
1194942
1194966
1194992
1195026
1195094
1195182
1195140
1195790
1195500
1195660
1195236
1195218
1195724
1195254
1195416
1195780
1195348
1195262
1195574
1195844
1195878
1195912
1195992
1196024
1196124
1195946
1196172
1196206
1196240
1196274
1199318
1196314
1199438
1198716
1198036
1197756
1199844
1196944
1197130
1196900
1197196
1196390
1199678
1199118
1197716
1197876
1198356
1199238
1199518
1198918
1197276
1197436
1197396
1199278
1198316
1198878
1197516
1199038
1197476
1197956
1198676
1196508
1196546
1198998
1196782
1197916
1197316
1198958
1199398
1198116
1198076
1196820
1198636
1199598
1199158
1197356
1197636
1197836
1197236
1198756
1199078
1198396
1196860
1196352
1199638
1197556
1197796
1199478
1198476
1196744
1198798
1196470
1198838
1196432
1197996
1196668
1198596
1196706
1199358
1198236
1198436
1198276
1198196
1199558
1197676
1198516
1198156
1198556
1199718
1199804
1197596
1196626
1196584
1199198
1199884
1199924
1199964
1200182
1200230
1200264
1200298
1200332
1200366
1200400
1200450
1200498
1201190
1201272
1201306
1201406
1201432
1201510
1201544
1201598
1201632
1201666
1201700
1201746
1201780
1201814
1205212
1201848
1204526
1203288
1203366
1204626
1203138
1204426
1205312
1203726
1206422
1206572
1203466
1202688
1205512
1205562
1203676
1204576
1202888
1206222
1202098
1205462
1202938
1201948
1203088
1206372
1202838
1202638
1202048
1204026
1204776
1205040
1205112
1202988
1203576
1203626
1205362
1203876
1202788
1204176
1204726
1206322
1204676
1203188
1204326
1203238
1204276
1203038
1202198
1202282
1202518
1202588
1202148
1206472
1203526
1204226
1203826
1201998
1205162
1205612
1205662
1205870
1205944
1206116
1206172
1204076
1203976
1203926
1206522
1204376
1205262
1203776
1205412
1201898
1204476
1203416
1204126
1206272
1202738
1206668
1206622
1206716
1206772
1206818
1206852
1206958
1206992
1207026
1207060
1207094
1207352
1207398
1207446
1207480
1207514
1207548
1207582
1207656
1207690
1208236
1208344
1208436
1208668
1208764
1208922
1208534
1208600
1208020
1208126
1207938
1207712
1209018
1209430
1209550
1209286
1209320
1209218
1209308
1209190
1209770
1209242
1209610
1209682
1209842
1209252
1209294
1209266
1209380
1209198
1209490
1209920
1210020
1210160
1210056
1210126
1209986
1209954
1210090
1210196
1210370
1210464
1210648
1210230
1210324
1210710
1210744
1210778
1210812
1210846
1210954
1210992
1211136
1211170
1211232
1211272
1211306
1211344
1211378
1211412
1211446
1211480
1211514
1211630
1211718
1211562
1212884
1211910
1212698
1211962
1212038
1212272
1212346
1212816
1212660
1212230
1211824
1212392
1212114
1212472
1212594
1212164
1212924
1211946
1212734
1212782
1211788
1212014
1211864
1212840
1212904
1212552
1212944
1212984
1213006
1213050
1213080
1213096
1213130
1213164
1213238
1213380
1213418
1213438
1213584
1213648
1213682
1213716
1213772
1213806
1213858
1213904
1213938
1213972
1214006
1214032
1214124
1214232
1214338
1214386
1214420
1214478
1214618
1214654
1214696
1214796
1214730
1214748
1214770
1214826
1214860
1214978
1215026
1215060
1215126
1215156
1215190
1215264
1215390
1215436
1215224
1215552
1215660
1215586
1215752
1215786
1215820
1215854
1215888
1215974
1216008
1219530
1219900
1218260
1218398
1218506
1217484
1218690
1216472
1218088
1216164
1218808
1218866
1219006
1219078
1219238
1217538
1216206
1216332
1219276
1218586
1219316
1219352
1219470
1219490
1216042
1217578
1217616
1217658
1217774
1218048
1216602
1216666
1218546
1217446
1217408
1218128
1216994
1216704
1217370
1219938
1219972
1220010
1220112
1220204
1220294
1220328
1220440
1220514
1220552
1220640
1220912
1220836
1220988
1220678
1220722
1220798
1220950
1220874
1221026
1221064
1221130
1221164
1221202
1221240
1221274
1221308
1221342
1221376
1221410
1221444
1221478
1221512
1221884
1222004
1222472
1222956
1223012
1222326
1223038
1222652
1221570
1221692
1222714
1223312
1223366
1222042
1222150
1222818
1223158
1222176
1222292
1221730
1221848
1223390
1223408
1223442
1223476
1223556
1223590
1223654
1223784
1223688
1224174
1224228
1223960
1223992
1223926
1224258
1224292
1224326
1224360
1224394
1224598
1224670
1224720
1224750
1224526
1224428
1224476
1224856
1224890
1224924
1224958
1225004
1225038
1225074
1225088
1225122
1225166
1225200
1225272
1225376
1225402
1225436
1225470
1225526
1225568
1225644
1225778
1225802
1225934
1225606
1226158
1226442
1226014
1226132
1226474
1226664
1226948
1226990
1227180
1225972
1228360
1227750
1229406
1228924
1227804
1229806
1227218
1227544
1230130
1230182
1230228
1230284
1230332
1230390
1230440
1230488
1230522
1230556
1230590
1230624
1230658
1230692
1230772
1230806
1230840
1231180
1232338
1230886
1231158
1232372
1232406
1232440
1232474
1232508
1232542
1232576
1232610
1232644
1232732
1232678
1232772
1232844
1232872
1233832
1233448
1233406
1232906
1233094
1234674
1234864
1234054
1234182
1235252
1235286
1235350
1235390
1235460
1235488
1235524
1235552
1235602
1235658
1235700
1235734
1235760
1235794
1235866
1235844
1235928
1235896
1236010
1235968
1236058
1236154
1236120
1236232
1236252
1236280
1236320
1236368
1236412
1236464
1236712
1236630
1236598
1236524
1236966
1236802
1236880
1237126
1237406
1237270
1237546
1237590
1237678
1237770
1237814
1237858
1237944
1237988
1238028
1238078
1238132
1238176
1238208
1238240
1238272
1238330
1238416
1238448
1238490
1238526
1238572
1238594
1238616
1238650
1238668
1238710
1238742
1238730
1238752
1238786
1238820
1238840
1238864
1238894
1238904
1238930
1238974
1238992
1238956
1239016
1239050
1239092
1239082
1239106
1239138
1239148
1239156
1239186
1239196
1239230
1239264
1239302
1239336
1239370
1239468
1239642
1239710
1239502
1239538
1239574
1239676
1239608
1239768
1239744
1239790
1239824
1239924
1239938
1239858
1239904
1239964
1239982
1240000
1241572
1241246
1240736
1240272
1241420
1240996
1240646
1240556
1240018
1240146
1240444
1240822
1241752
1241788
1241676
1241714
1241894
1241906
1241958
1242006
1241876
1241920
1241938
1242056
1242076
1242116
1242160
1242200
1242282
1242318
1242248
1242354
1242378
1242388
1242398
1242432
1242408
1242464
1242444
1242490
1242514
1242548
1242582
1242610
1242646
1242746
1242772
1242882
1242936
1243034
1243086
1243224
1243264
1243476
1243366
1243400
1243440
1243512
1243542
1243588
1243606
1243654
1243672
1243710
1243784
1243804
1243748
1243766
1243968
1243820
1243876
1243922
1243944
1244032
1244000
1244084
1244054
1244074
1244020
1244100
1244222
1244158
1244258
1244190
1244120
1244294
1244316
1244358
1244390
1244422
1244666
1244674
1244694
1244760
1244842
1244928
1244938
1244980
1245008
1245044
1245066
1245188
1245212
1245108
1245154
1245172
1245230
1245266
1245326
1245308
1245364
1245414
1245616
1245510
1245530
1245444
1245552
1245574
1245594
1245640
1245682
1245476
1245492
1245726
1245760
1246582
1246776
1246250
1248240
1246922
1247460
1247324
1246062
1246288
1246174
1245884
1246352
1248168
1247428
1245870
1245974
1246652
1247270
1246460
1245928
1245944
1246388
1246474
1245858
1246604
1247200
1247178
1246994
1247164
1246434
1245782
1247494
1246668
1246726
1247398
1246944
1247148
1245958
1246232
1246802
1247654
1247134
1247612
1247254
1246852
1246968
1247820
1247778
1247704
1248004
1247898
1248020
1247740
1247864
1247934
1247690
1248038
1247968
1248054
1248130
1246268
1246368
1246216
1246830
1246338
1245832
1247024
1245818
1246410
1246540
1246560
1246898
1246696
1246028
1245844
1246084
1246108
1245898
1247118
1246044
1246504
1247572
1247070
1246980
1246490
1247008
1247046
1247296
1246876
1246000
1246312
1246520
1245914
1247104
1248202
1245806
1246638
1247086
1246140
1247346
1247532
1247224
1246194
1247370
1246620
1247240
1246750
1248282
1248354
1248644
1248870
1248668
1248828
1248506
1249628
1248522
1248774
1248764
1248476
1248578
1249586
1249668
1249700
1249738
1249768
1249798
1248912
1248808
1249014
1249618
1248460
1248710
1248568
1249654
1248628
1248388
1248746
1249640
1248728
1248542
1248900
1248966
1249072
1249062
1248688
1248398
1248816
1248956
1248842
1249024
1248618
1248852
1249836
1249870
1249904
1249932
1249942
1250316
1250132
1250016
1249976
1250070
1250192
1250256
1250384
1250418
1250452
1250486
1250520
1250554
1250588
1250622
1250632
1250666
1250700
1250734
1250768
1250802
1250836
1251358
1251170
1251110
1250972
1251186
1251758
1251334
1250950
1251816
1251064
1251444
1251288
1251046
1251484
1250986
1251626
1251030
1250888
1250926
1251586
1251156
1251472
1251214
1250870
1251084
1251682
1251418
1251532
1251134
1251780
1251008
1250906
1251856
1251914
1251948
1251982
1252016
1252050
1252084
1252118
1764076
1764092
1764106
1764122
1764136
1764152
1764164
1764178
1764196
1764266
1764288
1764278
1764298
1764306
1764340
1252152
1252186
1252220
1252448
1252646
1252392
1252322
1252756
1252264
1252254
1252342
1252470
1252436
1252586
1252728
1252418
1252686
1252558
1252498
1252626
1252524
1252704
1252282
1252360
1252792
1252822
1252856
1252890
1252904
1252916
1252962
1252974
1252984
1253030
1253054
1253076
1253110
1253242
1253144
1253204
1253276
1253312
1253332
1253398
1253420
1253454
1253488
1253522
1253564
1253580
1253614
1253648
1253682
1253718
1253768
1253802
1253836
1253892
1253910
1253944
1254036
1253978
1254070
1254104
1254138
1254190
1254224
1254258
1254292
1254354
1254364
1254398
1254432
1254466
1254582
1254522
1254554
1254612
1254646
1254680
1254710
1254744
1254778
1254882
1254822
1254862
1254916
1254964
1254998
1255032
1255094
1255132
1255170
1255220
1255298
1255270
1255322
1255336
1255370
1255404
1255456
1255508
1255570
1255628
1255656
1255690
1255714
1255748
1255782
1255868
1255836
1255878
1255962
1255936
1256060
1256168
1256134
1256022
1256092
1255982
1256200
1256224
1256258
1256292
1256348
1256382
1256464
1256452
1256440
1256484
1256518
1256552
1256586
1256650
1256658
1256666
1256700
1256734
1256776
1256800
1256832
1256870
1256904
1256938
1256990
1257024
1257058
1257238
1257122
1257090
1257170
1257214
1257160
1257190
1257272
1257308
1257344
1257378
1257388
1257490
1257522
1257536
1257552
1257586
1257620
1257632
1257646
1257656
1257690
1257704
1257724
1257762
1257812
1258542
1258768
1258658
1258806
1258732
1258634
1258698
1258596
1258838
1258872
1258906
1258932
1258978
1259032
1259092
1259126
1259160
1259182
1259206
1259240
1259342
1259370
1259404
1259438
1259472
1259508
1259542
1259762
1259858
1259882
1259934
1259576
1259672
1259730
1259966
1260000
1260034
1260068
1260102
1260136
1260170
1260274
1260364
1260398
1260420
1260542
1260588
1260454
1260502
1260620
1260654
1260688
1260770
1260804
1260938
1260972
1261004
1261042
1261130
1261164
1261222
1261258
1261298
1261332
1261366
1261640
1261694
1261728
1261802
1261836
1261870
1261904
1261938
1261972
1262006
1262176
1262158
1262116
1262040
1262214
1262266
1262298
1262938
1262832
1262994
1262818
1262604
1262648
1263004
1262972
1262368
1262722
1262788
1262762
1262692
1262448
1262396
1262982
1262500
1262902
1262332
1262864
1262342
1262552
1263086
1263070
1263014
1263046
1263448
1263676
1263558
1263124
1263728
1263296
1263778
1263272
1263856
1263630
1263994
1263206
1263400
1263138
1263332
1263368
1263938
1263486
1264042
1264076
1264226
1264160
1264192
1264110
1264276
1264308
1264342
1264370
1264500
1264418
1264398
1264518
1264622
1264564
1264458
1265162
1265626
1264854
1265270
1264786
1264758
1265058
1264750
1265010
1265110
1265490
1264962
1264908
1265728
1264740
1265216
1265694
1265428
1265648
1265366
1264684
1265558
1265792
1265318
1265762
1265832
1265958
1265866
1265896
1265924
1265888
1265982
1266016
1266052
1764374
1764434
1764404
1266084
1266118
1266152
1266202
1266248
1266268
1266302
1266336
1266370
1267066
1266756
1266810
1266976
1267020
1266444
1266480
1266674
1266714
1266866
1266920
1266592
1266632
1266518
1266554
1266418
1267094
1267134
1267270
1267166
1267370
1267198
1267234
1267320
1267410
1267450
1267458
1267518
1267738
1267590
1267610
1267706
1267482
1267632
1267668
1267556
1267572
1267772
1267806
1267838
1267872
1267906
1267918
1267928
1268192
1268208
1267978
1268090
1268106
1268030
1268046
1268064
1268076
1268124
1268140
1268158
1268174
1268226
1268242
1268260
1268320
1268308
1268284
1268296
1268272
1268332
1268356
1268374
1268406
1268424
1268438
1268450
1268476
1268498
1268518
1268530
1268552
1268566
1268574
1268582
1268600
1268592
1268608
1268642
1268780
1268762
1268676
1268698
1268806
1268824
1268720
1268856
1268940
1268958
1268978
1268996
1268916
1269016
1268896
1269042
1268878
1269160
1269146
1269066
1269098
1269136
1269174
1269226
1269256
1269308
1269290
1269298
1269280
1269318
1269268
1764460
1764476
1764508
1764526
1764544
1764562
1764598
1269326
1269400
1269462
1269426
1269486
1269516
1269544
1269578
1269612
1269646
1269674
1269708
1269742
1269766
1269826
1269888
1269924
1269916
1269932
1269966
1270000
1270022
1270074
1270118
1270500
1270630
1270382
1270346
1270554
1270198
1270280
1270178
1270538
1270316
1270400
1270432
1270232
1270144
1270468
1270640
1270674
1270708
1270848
1270800
1270742
1270896
1270930
1270964
1270998
1271032
1271312
1271218
1271232
1271044
1271168
1271106
1271342
1271258
1271270
1271200
1764616
1764638
1764764
1764660
1764742
1764726
1271366
1271416
1271474
1271620
1271508
1271578
1271694
1271754
1271788
1271834
1272112
1272034
1271924
1272152
1272168
1272216
1272234
1272056
1271958
1271868
1272430
1272338
1272380
1272282
1272354
1272468
1272534
1272502
1272586
1272620
1272774
1272802
1272836
1272904
1273212
1273136
1273024
1273504
1273368
1272870
1273564
1273600
1273694
1274402
1274456
1274522
1274504
1273790
1274080
1274112
1274270
1274432
1273980
1273810
1274286
1274384
1273728
1273884
1274344
1274154
1274246
1274580
1274654
1274688
1274732
1274766
1274830
1274800
1764772
1764808
1274942
1274996
1275042
1275206
1275068
1275126
1275314
1275260
1275168
1275346
1275296
1275332
1275236
1275278
1275376
1275410
1275444
1275460
1275510
1275578
1275544
1275612
1275646
1275680
1275714
1275748
1275806
1275870
1275782
1275904
1275936
1275834
1275984
1276042
1276014
1275962
1276068
1276100
1276134
1276168
1276202
1276242
1276276
1276310
1276390
1276424
1276458
1276484
1276518
1276552
1276600
1276756
1276790
1276884
1277164
1277214
1277248
1277282
1277316
1277326
1277404
1278522
1278114
1278434
1277530
1278244
1277842
1277942
1277494
1277618
1277458
1277426
1278006
1278346
1278042
1277702
1277768
1278722
1278706
1278556
1278740
1278758
1278828
1278858
1279202
1279044
1279174
1279146
1279080
1279118
1278954
1278890
1279264
1279312
1279544
1279452
1279504
1280392
1286694
1282028
1284084
1283324
1285372
1287048
1284228
1285298
1283184
1284706
1284362
1281142
1286572
1279586
1284528
1286078
1285982
1282666
1286368
1286466
1283682
1285240
1279690
1283262
1280916
1281310
1283946
1283008
1284616
1284156
1281864
1280512
1285548
1286276
1281688
1281580
1280644
1279978
1282222
1283534
1286730
1281928
1285722
1283096
1283462
1285118
1286172
1279828
1284300
1286614
1283608
1285190
1284982
1286528
1284442
1281742
1280778
1281362
1287184
1286968
1286886
1283880
1280124
1282164
1285064
1282096
1279642
1283756
1281968
1285804
1283392
1282298
1281636
1284890
1282472
1286802
1287140
1282838
1285632
1283820
1281180
1285460
1281420
1285886
1281048
1284798
1281502
1281244
1280280
1286660
1281792
1284014
1288874
1288820
1288908
1287250
1288632
1287306
1287418
1287532
1287664
1287798
1287940
1288084
1288214
1288346
1288488
1288658
1288738
1289206
1289124
1289170
1289242
1288944
1289068
1289278
1289328
1289362
1289396
1289430
1289464
1289498
1289532
1289566
1289690
1289888
1289818
1289958
1290102
1289600
1290116
1290030
1289754
1290128
1290142
1290214
1290272
1290388
1290334
1290364
1290308
1290290
1290324
1290398
1290432
1290530
1290478
1290504
1290554
1305148
1305212
1290758
1302442
1301270
1301280
1301290
1301300
1291146
1291208
1291242
1290954
1290966
1290980
1303148
1303178
1303210
1303244
1303272
1296318
1296400
1296436
1296526
1296554
1296632
1300632
1300676
1300714
1300272
1300766
1298952
1298988
1299032
1301690
1301726
1290992
1291050
1291080
1291726
1291796
1291830
1291990
1292230
1292392
1292672
1292954
1293110
1293408
1293684
1293884
1294178
1294328
1294558
1294628
1294780
1295000
1295152
1295372
1295524
1304074
1304108
1304138
1304176
1304236
1304586
1304636
1304694
1302934
1302986
1303016
1303074
1303124
1291634
1291660
1291690
1291704
1299072
1299110
1299154
1299202
1299276
1301350
1301402
1301248
1301312
1299352
1299406
1299448
1302716
1302746
1302794
1302832
1302864
1302898
1300924
1300972
1301018
1291312
1291364
1291388
1299982
1300024
1300062
1297246
1297284
1297322
1297488
1297514
1297682
1297828
1303804
1303870
1303908
1303520
1303552
1303580
1303608
1303636
1303664
1303692
1303720
1303748
1303776
1303340
1303406
1303444
1304810
1304862
1301932
1301970
1302000
1302042
1302078
1290824
1290874
1290896
1296762
1296804
1296842
1305266
1305308
1305352
1305496
1305516
1305528
1304284
1304310
1304338
1304396
1304474
1304530
1290588
1290652
1290688
1290774
1290798
1295996
1296066
1296144
1296228
1304702
1304752
1299594
1305030
1305094
1302114
1302146
1302186
1302220
1302242
1302264
1302286
1302308
1302330
1300412
1300462
1300506
1300304
1300564
1299510
1299538
1299562
1303984
1304000
1304022
1304040
1298776
1298828
1298864
1301072
1301106
1300108
1300162
1300210
1300384
1300392
1299624
1299666
1299798
1291448
1291502
1291538
1291598
1296890
1296918
1296946
1297096
1297148
1302352
1302376
1302416
1302456
1302478
1302500
1302522
1302544
1302566
1302588
1302610
1302632
1302654
1302676
1302698
1301764
1301792
1301824
1301850
1301864
1301896
1297972
1297998
1298024
1298168
1298340
1298500
1298640
1305556
1295744
1295806
1295836
1295906
1295960
1305586
1305614
1305628
1305656
1308002
1308052
1305930
1305960
1306004
1307906
1307958
1305802
1305828
1305868
1310290
1306650
1306700
1309288
1309316
1309358
1301462
1306328
1306366
1306380
1306438
1306466
1306508
1306538
1308908
1308964
1309034
1309388
1309440
1309506
1300782
1307660
1307694
1307742
1307766
1310144
1310194
1310258
1301140
1308522
1308264
1308316
1306574
1306618
1306072
1306092
1306126
1309704
1309724
1309758
1306970
1306978
1307000
1307248
1307256
1307278
1306738
1306758
1306792
1308174
1308224
1305698
1305716
1305748
1308732
1308780
1308842
1309966
1309982
1310012
1307314
1307336
1307828
1307866
1307106
1307114
1307136
1307214
1306814
1306876
1306888
1306914
1308092
1308138
1306182
1306190
1306212
1309776
1309804
1309846
1309208
1309254
1306240
1306254
1306282
1309546
1309598
1309664
1308444
1308490
1307392
1307412
1307446
1307038
1307046
1307068
1304922
1308358
1308408
1308558
1308610
1309096
1309124
1309166
1309876
1309894
1309926
1310060
1310078
1310110
1307508
1307540
1307586
1308648
1308688
1310322
1304972
1301190
1301506
1301542
1301594
1301624
1301656
1300830
1300870
1310382
1766064
1766082
1766100
1766122
1766202
1766182
1766166
1766152
1766132
1766216
1766250
1766332
1310416
1310456
1310476
1310436
1310400
1310498
1310538
1310572
1310598
1310632
1310666
1310700
1310772
1310862
1310806
1310912
1310946
1310980
1311014
1311034
1311052
1311086
1311120
1311132
1311142
1311170
1311212
1311288
1311314
1311370
1311424
1311476
1312210
1312266
1312448
1312332
1312488
1312374
1312306
1312410
1312522
1312544
1312952
1312682
1312812
1313008
1312988
1312878
1312564
1312604
1312776
1312644
1312854
1312916
1312730
1313058
1313084
1313072
1313100
1313262
1313184
1313222
1313128
1313242
1313150
1313304
1313328
1313396
1313354
1313446
1313582
1313616
1313752
1313730
1313696
1313776
1313828
1313810
1313866
1313900
1313948
1313974
1313960
1313934
1313922
1313998
1314100
1314066
1314032
1314058
1314120
1314154
1314174
1314196
1314230
1314280
1314314
1314348
1314382
1314416
1314450
1314484
1314518
1314564
1314610
1314656
1314702
1314752
1315024
1315326
1315354
1315154
1315384
1315036
1315176
1315190
1315260
1315292
1314860
1314890
1315092
1314984
1314942
1314840
1315050
1314998
1315426
1315112
1315520
1315134
1315070
1315206
1314956
1315010
1314874
1315500
1314972
1314912
1315542
1315586
1315828
1315698
1315858
1315734
1315886
1315618
1315646
1315814
1315576
1315690
1315782
1315766
1315656
1315610
1315798
1315750
1315742
1315910
1315944
1316698
1317280
1316742
1316780
1316842
1316810
1316868
1318554
1317692
1317020
1317070
1317328
1317550
1318122
1316626
1318414
1315988
1317246
1316480
1318240
1317196
1316096
1315978
1316038
1316510
1316132
1316070
1318740
1318056
1316654
1317914
1318666
1316254
1318350
1318804
1316292
1318492
1316184
1317470
1317614
1316218
1316006
1316548
1316326
1318200
1318276
1318630
1317768
1317114
1316976
1317404
1316396
1318944
1316582
1317160
1317834
1318166
1316106
1318084
1316934
1318882
1316896
1316366
1317978
1319020
1319090
1319054
1319112
1319320
1319736
1319146
1319166
1319796
1319666
1319250
1319534
1319416
1319710
1319350
1319606
1319398
1319290
1319760
1319780
1319828
1319200
1319480
1319186
1319434
1319854
1319904
1319888
1320176
1320340
1320278
1320088
1320402
1320000
1319926
1320496
1320562
1320464
1320634
1320796
1320666
1320910
1320762
1320866
1320830
1320706
1320812
1320726
1320964
1321064
1321032
1320998
1321092
1321146
1321272
1321168
1321206
1321126
1321242
1321300
1321314
1321348
1321382
1321416
1321450
1321484
1321518
1321598
1321552
1321614
1321648
1321682
1321716
1321776
1321820
1321864
1321938
1321966
1321996
1322044
1322124
1322280
1322166
1322386
1322498
1322532
1322566
1322602
1322672
1322692
1322726
1322772
1322806
1322992
1322840
1323042
1323076
1323110
1323144
1323178
1323212
1323226
1323260
1323294
1323328
1323362
1323396
1323430
1323464
1323498
1323512
1323546
1323580
1323614
1323648
1323682
1323716
1323750
1323784
1323802
1323836
1324840
1324952
1325168
1324192
1323998
1324530
1325210
1324070
1324918
1324608
1324296
1323950
1324246
1323896
1324416
1324348
1323912
1324878
1324052
1324486
1324576
1324774
1323858
1324036
1324140
1325134
1324642
1325044
1323964
1323938
1324016
1324692
1324988
1323882
1324744
1324806
1325102
1324104
1323924
1325254
1325396
1325444
1325746
1325694
1325332
1325324
1325298
1325490
1325354
1325366
1325594
1325340
1325288
1325774
1325664
1325630
1325554
1325802
1325602
1325848
1325882
1325916
1326398
1326170
1326634
1326314
1327406
1327168
1327332
1326704
1327056
1326964
1326936
1326192
1326244
1327108
1327382
1326356
1326512
1325950
1326442
1326832
1326132
1326476
1326746
1326552
1327432
1326884
1326592
1326666
1327144
1326276
1327084
1326924
1327476
1327270
1327298
1326788
1326094
1326010
1327224
1326052
1327450
1327194
1325980
1326866
1327002
1327362
1327512
1327748
1327634
1327554
1327714
1327676
1327570
1327654
1327730
1327778
1327588
1327762
1327610
1327524
1327694
1327538
1327792
1327888
1327944
1327836
1327924
1327912
1327858
1327874
1327826
1327954
1330712
1330766
1328730
1328770
1329950
1329988
1329226
1329270
1329864
1329906
1328090
1328124
1329680
1329724
1330110
1331150
1331196
1330532
1330568
1330200
1330282
1330028
1330068
1329066
1329104
1331414
1331450
1328660
1328694
1328414
1328446
1331488
1331540
1331244
1331266
1329316
1329360
1330364
1330412
1329770
1329816
1330920
1330984
1328278
1328316
1328480
1328526
1328980
1329022
1328356
1328384
1328890
1328934
1330462
1330496
1327988
1331336
1331374
1329590
1329634
1330606
1330658
1329406
1329452
1331290
1331312
1329144
1329184
1331050
1331074
1328574
1328616
1331100
1328016
1328052
1331594
1330822
1330870
1328160
1328218
1329500
1329544
1328812
1328850
1331624
1332564
1333146
1332170
1333128
1332404
1331774
1333012
1332526
1333164
1332364
1333304
1332024
1332810
1332208
1332636
1332778
1333068
1333278
1332282
1332952
1333032
1331862
1332704
1332858
1331658
1332130
1333198
1332484
1332670
1333230
1331956
1331828
1332908
1331690
1331720
1332598
1332060
1332094
1331994
1331914
1331886
1332444
1332242
1333086
1332748
1332322
1333330
1333384
1333594
1333442
1333490
1333394
1333644
1333554
1333694
1333728
1333806
1333776
1333836
1333870
1333900
1333936
1333988
1333964
1334010
1334112
1334240
1334032
1334316
1334374
1335520
1335048
1335798
1335674
1335190
1334528
1334460
1335370
1334910
1335280
1334766
1334860
1334982
1335462
1335116
1334408
1334674
1335600
1334598
1335750
1335826
1335860
1335894
1335928
1336462
1336428
1335962
1336044
1336180
1336544
1336290
1336778
1336812
1336846
1336880
1336914
1336948
1336982
1337032
1337100
1337200
1337316
1337264
1337154
1337490
1337400
1337572
1337814
1337686
1337366
1337964
1337940
1337916
1337868
1337838
1337892
1338620
1339266
1338376
1338916
1338690
1339502
1339912
1339188
1339852
1339724
1338076
1338448
1337986
1338850
1339036
1339562
1338978
1338016
1339132
1339378
1339412
1338780
1338548
1339966
1338276
1339658
1339792
1339458
1338150
1338498
1339608
1339934
1339754
1339220
1339986
1340008
1340210
1340072
1340136
1340248
1340506
1340558
1340272
1340678
1340706
1340732
1341280
1341208
1341134
1340756
1340960
1341012
1341076
1341392
1341368
1766342
1766380
1766478
1710172
1710240
1766512
1766556
1766590
1766688
1767524
1766884
1767724
1766952
1767486
1767208
1767704
1767024
1767878
1767458
1767842
1767250
1766624
1767906
1767932
1767432
1767392
1767364
1767638
1767288
1767862
1767806
1767612
1767114
1766744
1766812
1767328
1767674
1767770
1767564
1767748
1768122
1767956
1768306
1768340
1768538
1768386
1768568
1768414
1768490
1768614
1768458
1413038
1768660
1768694
1768728
1768894
1768926
1768794
1768858
1768752
1768822
1768762
1768982
1769368
1769272
1769200
1769004
1769324
1769118
1769068
1769416
1769450
1769484
1769522
1769736
1769588
1769770
1769690
1769548
1769636
1769806
1769844
1770002
1769876
1769948
1769908
1770030
1341434
1341448
1341462
1341480
1341494
1341506
1341524
1341536
1341550
1341564
1341580
1341592
1341604
1341616
1341636
1341648
1341664
1341678
1341694
1341712
1341728
1341742
1342454
1342096
1342758
1343152
1341834
1342512
1342320
1342142
1343318
1343066
1341946
1343012
1341886
1343140
1341870
1341858
1342254
1342044
1342194
1341896
1341800
1342560
1342704
1342362
1341846
1342606
1342950
1342404
1342660
1342866
1343122
1341776
1342810
1343228
1341998
1343420
1343614
1343604
1343572
1343454
1343514
1343624
1343658
1343692
1343726
1345596
1344282
1344708
1344596
1344138
1344090
1345218
1345076
1343930
1344454
1344972
1344408
1345124
1345342
1344916
1343832
1344186
1343990
1343868
1344844
1344346
1345182
1345474
1344774
1345156
1345250
1345722
1345402
1344644
1345028
1343876
1343854
1345280
1344546
1344040
1343798
1345536
1345664
1343762
1344510
1344234
1345790
1346096
1346046
1345944
1346156
1345824
1345886
1346194
1345998
1346232
1346266
1346300
1346476
1346380
1346404
1346334
1346370
1346528
1346390
1346608
1346662
1346652
1346642
1346672
1346706
1346740
1346764
1346818
1346844
1346864
1346978
1346952
1346910
1346894
1346928
1347010
1347044
1347078
1347112
1347320
1347428
1347494
1347142
1347460
1347596
1347398
1347528
1347180
1347562
1347242
1347630
1347742
1347776
1347810
1347844
1347912
1347974
1347950
1347994
1348024
1348056
1348086
1348118
1348152
1348206
1348240
1348266
1348292
1348324
1348370
1348404
1348416
1348432
1348448
1348462
1349018
1348936
1348638
1349160
1349412
1348544
1348480
1349352
1348724
1349266
1348820
1349460
1349482
1349516
1349550
1349562
1349716
1349750
1349602
1349790
1349576
1349684
1349588
1349654
1349628
1349614
1349640
1349832
1349910
1349926
1349902
1349918
1349866
1349948
1349974
1349988
1350184
1350226
1350122
1350164
1350100
1350024
1350052
1350144
1350248
1350074
1350204
1349934
1350270
1350468
1350408
1350304
1350350
1350532
1771020
1771000
1771010
1770990
1770980
1350692
1350672
1350702
1350712
1350682
1350590
1350646
1350616
1350636
1350606
1350626
1350656
1350722
1350764
1350742
1350770
1350804
1350872
1350838
1350920
1351000
1350984
1350970
1351022
1350944
1351046
1351080
1351090
1351154
1351124
1351220
1351254
1351342
1351410
1351444
1351478
1351674
1351646
1351712
1351690
1351634
1351660
1351736
1351496
1351516
1351568
1351528
1351542
1351596
1352192
1352176
1352210
1352226
1351836
1352122
1351948
1351922
1352088
1351878
1352148
1351964
1351774
1351982
1351934
1352056
1351804
1352244
1352282
1352462
1352452
1352660
1352570
1352578
1352512
1352396
1352600
1352352
1352766
1352500
1352542
1352648
1352406
1352432
1352710
1352316
1352344
1352722
1352744
1352788
1352822
1352834
1352848
1352984
1352928
1352942
1352956
1352892
1353004
1353048
1353082
1353112
1353154
1353410
1353456
1353288
1353246
1353352
1353188
1353488
1353586
1353620
1353654
1353694
1353748
1353782
1353830
1353864
1354000
1354034
1771030
1733768
1771128
1733640
1733706
1733744
1771098
1771052
1733678
1733836
1733756
1733692
1771066
1733664
1733732
1733810
1733782
1733824
1771152
1733796
1733652
1733720
1771112
1771168
1771470
1771246
1771294
1771332
1771382
1771226
1771264
1771354
1733630
1771422
1771502
1354452
1354480
1354514
1354548
1354564
1354578
1354612
1354646
1354666
1354706
1354828
1355018
1354890
1354976
1354776
1354688
1354932
1354794
1354726
1354760
1354742
1354858
1355062
1355096
1355430
1355404
1355246
1355186
1355260
1355344
1355334
1355146
1355468
1355310
1355322
1355386
1355506
1355532
1355566
1355600
1355634
1355668
1355702
1355736
1355770
1355804
1355838
1355872
1356218
1356524
1356018
1356942
1356784
1356874
1356674
1355906
1356120
1356420
1356318
1357036
1357320
1357340
1357070
1357110
1357130
1357144
1357212
1357232
1357248
1357394
1357426
1357370
1357296
1357452
1357486
1357520
1357554
1357588
1357622
1357656
1357690
1357724
1357758
1357792
1357826
1357860
1357894
1357928
1357962
1357996
1358030
1358064
1358098
1358132
1358170
1358204
1358238
1358272
1358306
1358340
1358374
1358408
1358430
1358442
1358476
1358510
1358562
1358596
1358630
1358664
1358698
1358732
1358766
1358800
1358834
1358868
1358902
1358936
1771542
1771636
1771558
1601304
1771608
1771618
1659660
1771578
1771588
1771568
1771548
1601314
1771598
1601322
1771536
1359008
1358982
1359038
1359072
1359110
1359144
1359178
1359196
1359206
1359222
1359256
1359310
1360048
1360106
1360146
1360180
1360204
1360332
1360448
1360564
1360664
1360472
1360218
1360794
1360824
1360924
1360992
1361032
1361072
1360958
1361128
1361156
1361208
1361262
1361286
1361552
1362328
1361448
1361846
1361906
1362194
1362478
1361620
1361792
1363204
1361580
1361816
1362056
1362588
1362746
1361964
1362226
1362370
1361516
1362262
1362524
1362956
1361660
1363022
1361372
1362354
1361880
1363328
1363284
1361994
1362028
1361482
1362696
1362412
1362160
1361712
1363300
1363248
1363162
1361760
1362124
1362078
1362814
1361600
1362642
1362858
1361402
1361934
1362908
1363066
1362302
1361338
1363126
1363414
1364176
1367162
1367496
1363516
1365842
1364022
1367412
1366164
1367330
1367268
1365860
1366296
1363660
1366780
1364088
1365892
1367458
1364074
1364302
1364376
1364320
1363818
1366882
1365572
1367368
1366476
1366194
1366932
1367628
1365958
1364252
1366144
1365982
1366542
1366056
1366376
1363634
1364110
1366836
1366334
1363538
1365814
1366404
1365556
1366226
1367216
1365756
1363700
1366432
1366978
1366598
1364044
1367514
1363748
1363776
1364560
1366030
1367744
1363608
1367716
1364134
1366262
1363866
1366650
1366094
1363586
1365690
1367046
1367544
1363878
1363950
1363914
1363988
1367094
1365628
1364230
1365928
1366720
1363560
1363732
1367778
1363448
1363482
1367812
1367846
1367880
1367914
1367948
1367982
1368202
1368240
1368016
1368140
1368284
1368398
1368432
1368466
1368500
1368574
1368596
1368658
1368692
1368726
1368776
1368822
1368852
1368886
1368928
1368920
1368948
1368962
1369104
1368988
1369292
1369314
1369348
1369464
1369498
1369568
1369602
1369664
1369744
1369778
1369840
1369862
1369884
1369934
1369954
1370074
1370108
1370160
1370208
1370324
1370362
1370422
1370456
1370478
1370508
1370542
1370576
1370626
1370678
1370712
1370746
1370780
1370822
1370856
1370884
1370914
1371250
1370948
1370974
1370998
1371030
1371078
1371182
1371322
1371380
1371156
1371442
1376672
1377110
1373538
1373384
1372730
1373920
1376086
1372498
1377428
1374410
1376380
1376952
1373684
1371720
1375824
1375156
1376838
1372928
1375274
1371642
1375436
1375554
1374692
1372018
1372066
1372082
1372102
1375964
1373082
1375718
1374570
1373762
1374146
1377518
1374984
1371554
1371808
1371476
1371896
1373836
1377244
1374218
1374008
1373322
1376552
1372206
1373614
1374858
1374296
1373460
1374070
1372254
1376254
1377584
1377656
1377692
1377708
1377730
1377750
1377766
1377862
1377832
1377800
1378110
1377948
1378036
1377888
1378694
1378756
1378188
1378230
1378530
1378412
1378276
1378380
1378308
1378440
1378466
1378494
1378708
1378720
1378740
1378660
1378800
1378846
1379102
1378922
1379154
1379020
1379078
1379202
1379252
1379286
1379392
1379406
1379322
1771652
1379422
1379450
1379484
1379518
1379552
1379586
1379690
1380206
1380270
1380304
1380242
1380234
1380252
1380336
1380370
1380414
1381180
1381270
1381212
1381240
1381132
1381296
1381330
1381426
1381470
1381364
1381628
1381662
1381696
1381730
1381764
1381798
1381860
1381894
1381834
1382026
1382060
1382094
1382128
1382162
1382196
1382230
1382264
1382280
1382536
1382626
1382670
1382696
1382972
1382718
1383228
1383262
1383296
1383330
1383364
1383408
1383558
1383690
1383746
1383460
1383586
1383442
1383616
1383640
1383480
1383512
1383782
1383816
1383850
1383884
1383918
1383952
1383986
1384020
1384054
1384088
1384122
1384678
1386616
1386632
1386650
1386676
1384218
1387050
1386542
1385560
1385604
1386578
1385468
1385492
1384954
1386516
1385394
1387022
1385430
1384916
1384810
1384554
1384588
1384642
1384614
1385904
1385944
1386204
1384240
1386418
1386916
1384302
1384320
1386138
1386824
1385874
1385012
1386254
1386302
1384198
1384436
1384474
1386860
1386898
1386790
1386492
1386704
1385236
1384270
1384982
1385704
1385730
1385844
1385858
1385356
1386170
1384410
1384844
1384340
1385676
1385816
1384364
1384386
1385118
1386936
1386974
1387012
1384764
1385758
1385786
1384880
1386454
1386228
1385650
1385986
1386024
1384720
1384156
1384176
1385518
1385538
1386384
1386352
1386758
1384514
1386064
1386100
1385064
1387080
1387114
1388186
1388004
1387892
1387858
1387676
1388302
1387408
1388240
1387342
1388384
1388416
1387952
1387660
1387980
1387440
1387564
1387760
1387186
1387774
1388132
1387924
1387212
1387148
1387616
1388438
1387716
1387516
1387492
1387252
1388154
1387628
1388028
1387798
1388230
1388210
1388350
1388316
1387472
1388268
1387822
1387286
1388088
1387738
1387164
1388056
1387378
1388516
1388550
1388584
1388618
1388652
1388686
1388734
1388748
1388782
1388872
1388852
1388816
1389032
1388986
1388896
1388940
1389078
1389112
1389142
1389176
1389210
1389244
1389278
1389318
1389368
1389402
1389436
1389472
1389518
1389552
1389586
1389620
1389654
1389688
1389724
1389796
1389758
1389842
1390084
1389888
1389982
1390196
1390346
1390374
1390408
1390442
1390476
1390492
1390564
1390612
1390678
1390720
1390754
1390788
1390848
1390882
1390916
1390950
1390984
1391018
1391052
1391086
1391120
1391154
1391188
1391222
1391256
1391290
1391326
1391396
1391360
1391432
1391466
1391500
1391548
1391598
1391632
1391798
1391766
1391930
1391898
1392194
1391960
1391870
1391834
1391666
1392100
1391698
1392042
1392068
1392128
1392162
1391734
1392222
1392236
1392012
1392254
1392274
1392306
1392334
1392362
1392394
1392426
1392462
1392486
1392522
1392532
1771726
1771744
1771782
1771800
1394586
1771820
1771832
1771858
1771884
1771958
1771930
1772030
1771984
1772064
1717580
1392940
1392804
1392834
1392626
1392684
1392750
1392876
1392896
1392856
1392962
1392566
1392606
1392996
1393064
1393022
1393038
1393054
1393010
1393108
1393080
1393138
1393176
1393214
1393260
1393242
1393296
1393354
1393412
1393464
1393436
1393508
1393550
1393584
1393638
1394376
1394516
1394434
1394476
1394552
1394610
1394644
1394678
1394712
1394746
1394778
1394812
1394846
1394872
1394928
1395564
1395638
1395710
1395842
1395672
1395888
1395922
1395956
1396114
1396148
1396182
1396216
1396262
1396296
1396330
1396364
1396398
1397000
1396948
1396432
1397568
1397602
1397636
1397688
1397670
1397706
1397972
1398050
1398084
1398118
1398152
1398186
1398324
1398364
1398502
1398536
1398570
1398604
1398742
1398776
1398810
1398844
1398878
1398912
1398946
1398982
1399016
1399050
1399084
1399238
1399196
1399156
1399388
1399342
1399314
1399286
1399398
1399436
1399610
1399492
1399410
1399356
1399568
1399538
1399454
1399648
1399760
1399682
1399722
1399798
1399832
1399866
1400004
1400062
1400096
1400130
1400268
1400360
1400164
1400372
1400226
1400382
1400416
1400440
1400552
1400564
1400614
1400628
1400638
1400468
1400484
1400498
1400530
1400696
1400710
1400744
1400806
1400840
1400934
1400968
1401002
1401036
1401076
1401106
1401128
1401140
1401174
1401826
1401594
1401674
1401918
1401706
1401954
1402058
1401856
1401354
1401502
1402148
1401566
1402024
1402206
1402174
1401776
1401798
1402124
1401322
1401730
1402090
1401426
1401540
1401886
1401756
1401388
1401618
1401248
1401284
1401210
1401644
1401992
1401466
1402240
1402274
1402288
1402380
1402322
1402558
1402400
1402450
1402510
1402354
1402482
1402424
1402538
1402586
1402620
1402926
1403018
1402724
1402810
1402864
1402916
1402654
1403068
1403150
1403116
1403214
1403262
1403296
1403330
1403394
1403562
1403522
1403544
1403428
1403462
1403780
1403712
1403628
1403746
1403840
1403874
1403908
1405422
1405462
1404590
1404396
1404858
1404298
1404190
1404644
1403990
1404694
1404098
1405278
1404032
1405604
1405024
1404498
1405626
1403942
1403956
1405580
1405188
1405224
1405268
1405644
1405838
1405678
1405802
1405858
1405892
1405926
1406028
1405954
1405992
1406056
1406140
1406174
1406208
1406242
1406276
1406310
1406364
1406424
1406458
1406492
1406526
1772098
1772132
1772166
1772216
1772296
1772330
1772364
1772398
1406560
1406594
1406612
1406670
1406646
1406656
1406684
1406718
1406736
1406770
1406804
1406838
1406872
1406906
1406940
1406976
1407010
1407044
1407078
1407112
1407318
1407150
1407336
1407094
1407164
1407242
1407216
1407124
1407202
1407190
1407356
1407176
1407276
1407380
1407296
1407258
1407228
1407138
1407406
1407466
1407560
1407474
1407508
1407580
1407532
1407516
1407524
1407544
1407500
1407598
1407632
1407996
1407692
1407920
1407796
1407662
1407834
1407732
1407962
1407872
1407772
1408034
1408108
1408068
1408152
1408186
1408250
1408714
1408312
1408376
1408676
1408446
1408654
1408332
1408570
1408620
1408550
1408300
1408512
1408408
1408600
1408534
1408492
1408502
1408366
1408522
1408466
1408746
1408780
1408828
1409540
1409780
1409678
1409642
1409574
1409730
1409826
1409610
1409708
1409894
1409984
1410182
1410196
1410164
1410246
1410122
1409928
1410032
1409954
1410080
1410268
1410282
1410298
1410332
1410366
1410400
1410434
1410468
1410640
1410536
1410602
1410744
1410694
1410792
1410844
1410878
1411330
1411194
1410912
1411364
1410946
1411048
1411126
1411432
1411296
1411262
1411228
1410980
1411014
1411466
1411398
1411160
1411500
1411534
1411694
1411782
1411856
1411818
1411932
1411558
1411966
1412000
1412034
1412084
1412122
1412184
1412244
1412278
1412364
1412398
1412432
1412466
1412500
1412606
1412640
1412674
1412708
1412912
1412742
1412970
1413004
1413072
1413122
1413156
1413540
1413380
1413754
1413788
1413822
1413900
1413934
1413968
1414132
1414166
1414200
1414220
1414242
1414286
1414382
1414416
1414450
1414484
1414518
1414552
1414808
1414846
1414732
1414586
1414604
1414622
1414692
1414868
1414902
1415064
1415094
1415126
1415022
1415044
1415148
1414936
1414972
1414996
1416350
1415180
1415860
1415794
1415916
1415994
1416180
1415648
1415712
1416012
1415360
1415572
1415606
1415492
1415534
1416518
1416726
1416760
1416794
1417188
1416828
1416996
1417054
1416940
1417118
1416882
1417222
1417256
1417332
1417372
1417402
1417470
1417510
1417528
1417630
1417664
1417790
1418546
1418148
1418406
1418588
1418364
1418782
1418230
1417924
1418168
1417824
1418840
1418874
1418908
1418994
1419068
1419102
1419136
1419248
1419260
1419312
1419346
1419406
1419436
1419472
1419702
1421408
1420332
1419758
1419670
1421516
1420466
1421052
1420536
1420244
1421490
1421178
1420888
1421254
1420620
1419892
1420766
1420058
1420658
1420736
1420690
1420974
1421440
1420200
1420156
1420094
1420130
1419956
1421094
1419842
1421640
1421554
1419868
1420846
1419990
1420372
1419816
1421332
1421752
1421786
1422108
1421984
1421912
1421866
1421820
1422038
1422142
1422176
1422210
1422250
1422284
1422332
1422390
1422430
1422464
1422692
1422738
1422646
1422514
1422556
1422600
1422786
1422820
1422854
1422888
1422914
1422948
1423370
1423392
1423428
1423474
1423524
1423194
1423318
1422982
1423714
1423568
1423630
1423756
1423898
1423790
1423814
1424050
1424084
1424118
1424134
1424146
1424180
1424222
1424304
1424338
1424372
1424406
1424450
1424484
1424518
1424602
1424636
1424748
1424736
1424670
1424792
1424826
1424872
1424860
1424846
1424882
1424916
1424946
1424980
1425014
1425048
1425082
1425116
1425184
1425248
1425288
1425340
1425352
1425388
1425418
1425400
1425436
1425512
1425534
1425522
1425544
1425552
1425652
1425674
1425738
1425792
1425860
1426144
1426202
1425960
1426014
1426086
1426318
1426280
1426236
1426402
1426448
1426510
1426570
1426744
1426768
1426786
1426882
1426848
1426726
1426688
1426708
1427062
1427176
1426972
1427096
1427146
1427218
1427276
1426920
1427014
1427314
1427478
1427528
1427444
1427604
1427622
1427672
1427698
1427588
1427558
1427576
1427728
1427788
1427830
1428004
1428152
1428100
1428294
1428446
1428516
1428556
1428622
1428656
1428706
1428748
1429952
1431042
1429924
1430440
1431010
1431094
1432188
1432652
1433190
1434294
1434326
1434820
1435398
1435604
1435776
1435788
1435926
1436086
1436208
1436916
1437706
1437746
1438556
1439292
1440114
1441286
1441256
1441878
1442120
1443896
1443914
1444212
1444256
1444296
1444334
1444234
1444366
1444406
1444444
1443952
1442190
1443580
1443696
1443328
1442354
1442518
1442760
1443012
1443128
1444476
1444566
1444610
1444720
1444766
1445050
1445368
1445438
1445508
1445540
1445566
1446574
1445600
1445798
1446228
1446428
1446468
1445888
1446080
1446594
1446996
1447248
1447408
1447446
1446628
1446844
1447462
1447726
1447744
1447814
1448210
1448298
1447952
1448120
1448040
1448382
1448400
1448438
1448710
1448850
1448794
1448876
1448744
1448908
1448942
1449160
1449194
1449336
1449364
1449640
1449678
1449698
1449536
1449564
1449602
1449504
1449468
1449788
1449884
1449990
1450138
1450038
1450188
1450212
1450156
1450322
1450368
1450762
1450442
1450562
1450676
1450466
1450578
1450808
1450718
1450510
1450610
1450644
1450484
1450532
1450856
1450942
1451026
1451218
1451296
1451472
1451560
1451756
1451840
1451934
1452020
1452108
1452304
1452386
1452570
1452690
1452812
1452946
1453062
1453166
1453196
1453302
1453336
1453446
1453532
1453622
1453870
1457142
1457754
1457210
1457792
1457300
1457458
1457534
1457688
1457342
1457380
1453984
1455306
1456254
1457612
1457174
1457118
1457256
1457838
1462854
1460564
1463614
1462056
1457950
1465722
1460628
1461510
1458652
1459316
1459644
1464022
1464366
1464422
1464738
1464770
1464450
1465418
1465578
1464810
1465106
1465798
1466510
1468282
1467860
1468312
1467304
1467764
1466572
1467148
1468232
1468342
1468458
1468492
1468604
1468526
1468756
1468790
1468828
1468702
1468836
1468892
1468934
1469036
1469654
1469742
1470244
1470274
1470442
1470790
1470522
1470356
1470490
1470652
1470394
1470542
1470684
1470408
1470564
1470600
1470626
1470716
1470464
1470816
1470754
1470802
1470850
1471064
1470932
1470972
1471174
1471140
1471092
1471196
1471288
1471326
1471462
1471514
1471416
1471490
1471590
1471548
1471854
1472048
1471922
1472084
1471820
1472012
1472120
1472156
1471888
1471768
1471956
1471684
1472270
1472176
1472862
1472960
1473158
1473048
1473248
1473434
1473352
1473534
1473612
1473700
1474120
1474270
1474316
1474196
1474230
1474402
1474436
1474702
1475132
1475396
1475492
1475574
1475634
1475882
1476024
1476528
1476540
1476646
1477548
1476680
1478570
1477598
1478352
1477494
1478036
1478858
1478878
1478976
1478590
1478794
1479174
1479550
1479656
1479838
1479678
1479784
1479870
1481282
1479886
1480696
1481354
1481610
1481836
1482132
1482164
1482284
1482424
1482630
1482666
1483314
1482702
1483126
1483062
1483334
1483702
1483738
1483970
1484338
1484578
1484810
1485050
1485128
1485174
1485268
1485382
1485318
1485410
1485472
1486022
1485802
1486162
1485898
1486182
1486276
1486398
1486536
1486662
1486712
1486896
1486616
1486962
1487126
1487046
1487160
1487602
1487792
1487914
1487964
1490072
1492060
1489032
1487976
1491026
1493080
1498044
1495618
1498842
1494114
1497210
1496426
1494900
1499340
1499434
1499292
1499594
1499674
1499706
1499822
1499970
1500080
1500180
1500256
1500362
1500482
1500802
1500826
1500946
1501398
1501266
1501410
1501596
1501524
1501630
1501998
1502052
1501710
1502142
1502232
1502422
1502574
1502670
1502756
1502788
1502898
1502942
1503038
1503160
1503274
1503432
1503524
1503556
1503626
1503698
1503732
1503810
1503888
1503978
1504236
1504394
1504374
1504422
1504350
1504444
1504532
1504568
1505106
1505256
1507408
1507424
1506514
1506750
1506790
1506830
1507114
1506146
1507238
1505316
1505628
1505472
1507444
1507494
1505778
1507562
1507590
1507616
1507362
1505686
1505732
1505940
1506308
1507670
1507868
1508292
1508850
1509122
1508950
1509088
1773672
1773550
1773734
1773576
1773640
1509186
1773784
1773704
1773608
1773796
1773828
1774118
1773874
1774058
1773922
1773972
1773846
1774014
1774238
1774180
1774206
1509152
1509244
1509216
1509718
1509644
1509296
1509362
1509332
1509414
1509756
1509908
1509780
1509860
1510340
1510180
1510252
1510306
1510086
1509956
1511068
1511178
1510642
1510778
1510434
1510862
1510952
1511412
1511424
1511506
1520392
1520476
1520502
1518400
1518484
1518520
1514546
1514630
1514666
1514260
1514344
1514380
1519268
1519352
1519378
1512554
1512638
1512674
1521516
1521600
1521636
1513698
1513782
1513808
1520254
1520338
1520364
1520684
1520768
1520794
1512130
1512214
1512240
1519406
1519490
1519526
1519120
1519204
1519240
1521378
1521462
1521488
1513412
1513496
1513532
1516124
1516208
1516234
1517262
1517346
1517382
1521802
1514832
1514916
1514952
1519840
1519924
1519950
1515838
1515922
1515948
1513126
1513210
1513246
1512416
1512500
1512526
1512268
1512352
1512388
1518262
1518346
1518372
1511696
1511780
1511816
1518686
1518770
1518806
1512702
1512786
1512812
1513274
1513358
1513384
1519692
1519776
1519812
1513836
1513920
1513946
1515690
1515774
1515810
1518114
1518198
1518234
1519554
1519638
1519664
1516982
1517066
1517092
1517828
1517912
1517948
1521888
1521900
1513974
1514058
1514094
1515404
1515488
1515524
1520530
1520614
1520648
1517976
1518060
1518086
1521098
1521182
1521208
1515976
1516060
1516096
1511844
1511928
1511954
1516262
1516346
1516382
1512988
1513072
1513098
1516834
1516918
1516954
1514122
1514206
1514232
1516410
1516494
1516520
1520822
1520906
1520932
1521664
1521748
1521774
1520116
1520200
1520226
1515266
1515350
1515376
1515118
1515202
1515238
1513560
1513644
1513670
1516696
1516780
1516806
1514980
1515064
1515090
1514694
1514778
1514804
1514408
1514492
1514518
1517548
1517632
1517660
1517410
1517494
1517520
1520960
1521044
1521070
1518834
1518918
1518944
1512840
1512924
1512960
1519978
1520062
1520088
1511558
1511642
1511668
1516548
1516632
1516668
1515552
1515636
1515662
1518972
1519056
1519092
1517120
1517204
1517232
1521868
1518548
1518632
1518658
1511982
1512066
1512102
1517690
1517774
1517800
1521236
1521320
1521348
1521988
1522040
1521946
1521962
1522012
1521922
1522066
1522184
1522216
1524054
1527160
1528636
1524732
1527650
1530518
1528412
1526922
1525600
1524920
1528028
1529820
1526300
1523422
1526514
1530420
1523622
1525504
1527052
1528944
1530222
1528842
1526096
1523834
1522232
1527836
1529158
1524150
1524832
1523932
1522920
1526198
1526706
1525806
1523130
1525408
1529626
1530020
1523238
1525196
1522716
1530118
1524566
1527356
1528512
1527928
1522820
1528312
1522620
1525996
1523710
1525104
1523318
1528734
1524458
1530320
1526598
1523028
1524646
1523520
1526800
1524256
1528122
1527738
1529268
1525022
1525296
1522516
1522418
1522320
1529924
1529438
1529728
1529054
1529354
1528222
1529532
1527240
1527536
1525692
1526404
1525896
1524356
1527446
1530608
1530668
1530722
1530776
1530826
1530958
1531004
1531040
1531050
1531020
1531094
1531064
1531204
1531130
1531212
1531404
1531312
1531230
1531460
1531558
1531640
1531840
1531758
1531962
1531922
1531884
1532322
1532552
1532058
1532212
1532108
1532436
1532378
1532496
1532160
1532266
1531998
1532612
1532626
1532606
1532650
1532724
1533584
1533618
1533100
1532996
1533500
1533068
1532912
1533034
1533400
1533816
1533242
1532740
1532798
1533782
1532968
1533206
1533144
1533184
1533712
1532854
1533318
1533342
1533908
1533120
1533934
1534022
1534128
1534146
1534190
1534240
1534226
1534252
1534286
1534320
1534354
1534400
1534428
1534418
1534438
1534388
1534450
1534530
1534572
1534608
1534618
1534590
1774304
1774338
1774404
1774476
1774510
1774552
1774586
1774620
1774662
1774696
1774730
1774772
1774806
1774840
1774882
1774916
1774950
1774986
1775020
1775056
1775090
1775124
1775170
1775208
1775242
1775310
1775336
1775394
1775428
1775552
1775462
1775590
1775624
1775658
1775692
1775726
1775760
1775828
1775794
1775862
1779846
1779880
1534628
1534682
1534696
1534704
1534716
1534748
1534918
1534794
1534980
1534826
1534840
1534874
1534886
1535012
1535044
1535090
1535122
1535160
1535566
1535388
1535608
1535294
1535592
1535272
1535664
1535774
1535622
1535444
1535794
1535324
1535884
1535242
1535658
1535368
1535674
1535426
1535432
1535308
1535640
1535836
1535344
1535212
1535468
1535936
1535966
1536018
1536050
1536250
1536324
1536096
1536172
1536204
1536422
1536478
1536366
1536576
1536796
1536784
1536948
1536878
1536864
1536980
1537626
1537776
1536704
1536716
1537494
1537326
1537530
1537250
1537230
1536606
1537794
1537550
1537068
1538092
1538080
1538064
1538114
1538146
1538126
1538056
1538164
1538204
1538236
1538268
1538300
1538346
1538378
1538410
1538442
1538472
1538530
1538556
1538590
1538568
1538580
1538602
1538628
1538544
1538700
1538648
1538676
1538732
1538798
1538820
1539182
1538954
1539112
1539026
1538890
1539276
1539318
1539350
1539386
1539418
1539482
1539754
1539790
1539548
1539594
1539640
1539672
1539712
1540028
1540078
1539878
1539858
1539932
1539900
1539958
1540052
1540036
1539990
1540230
1540300
1540332
1540214
1540452
1540404
1540464
1540366
1540126
1540432
1540274
1540242
1540490
1540536
1540570
1540600
1540640
1540700
1540774
1540844
1540728
1540798
1540824
1540748
1540864
1540920
1540904
1540938
1540992
1541026
1541072
1541112
1541156
1541200
1541242
1541282
1541328
1541364
1541410
1541460
1541518
1541562
1541614
1541658
1541706
1541752
1541804
1541848
1541892
1541928
1541982
1542022
1542066
1542082
1542092
1542106
1542128
1542206
1542240
1542170
1542474
1542390
1542774
1542306
1542582
1542558
1542352
1542708
1542276
1542834
1542436
1542528
1542648
1542504
1542884
1542920
1542974
1542992
1543038
1543060
1543082
1543102
1543128
1543148
1543176
1543226
1543200
1543278
1543250
1543290
1543328
1543380
1543316
1543354
1543404
1543500
1543762
1543604
1543876
1543890
1543928
1543962
1544002
1544092
1544062
1544038
1544130
1544188
1544210
1544232
1544250
1544260
1544272
1544296
1544314
1544332
1544350
1544364
1544372
1544386
1544398
1544418
1544460
1544516
1544542
1544498
1544562
1544582
1544624
1544660
1544702
1545124
1544882
1545064
1544994
1544768
1544716
1544740
1544824
1544800
1544936
1775896
1775908
1545212
1545188
1545260
1545586
1545680
1545310
1545238
1545284
1545468
1545554
1545532
1545430
1545654
1545500
1545712
1545612
1545398
1545340
1545368
1546042
1546074
1545884
1546302
1546224
1545914
1546012
1546146
1546162
1545988
1546280
1545950
1546368
1545748
1546318
1545826
1546704
1546416
1546384
1547062
1547074
1546980
1546602
1546620
1547152
1546506
1546890
1546796
1547238
1547168
1547288
1547300
1547348
1547398
1547336
1547320
1547358
1548672
1547740
1547788
1548248
1547854
1547870
1548102
1548518
1548386
1548582
1548626
1547980
1548028
1547842
1548454
1548172
1548320
1547920
1547562
1547634
1547490
1547690
1547582
1548814
1548868
1548790
1549072
1549022
1548970
1548714
1548920
1549548
1549114
1549184
1549202
1549464
1549398
1549416
1549504
1549252
1549300
1549346
1549606
1549630
1549588
1549854
1549792
1549914
1549808
1549960
1549750
1549702
1550226
1550038
1550080
1550170
1550146
1550114
1550012
1550684
1550616
1550706
1550832
1550764
1550648
1550514
1550806
1550342
1550426
1550292
1550316
1550584
1550400
1550364
1550546
1550484
1550388
1550738
1550456
1550864
1550886
1550936
1550986
1551052
1551102
1551152
1551218
1551270
1551316
1551368
1551414
1551456
1551498
1551528
1551556
1551576
1551602
1551632
1551672
1551688
1551738
1551796
1551816
1551840
1551878
1551908
1551930
1551988
1552046
1552110
1552174
1552220
1552266
1552318
1552370
1555460
1555490
1555536
1555582
1554478
1554498
1554518
1554566
1554614
1554678
1554726
1554776
1554820
1554870
1554930
1554988
1555048
1555088
1555128
1555162
1555186
1555236
1555270
1553958
1554002
1554036
1554076
1555304
1555366
1555410
1554166
1554192
1554220
1554296
1554364
1554452
1552412
1552462
1552498
1552534
1552578
1552630
1552672
1552728
1552770
1552812
1552846
1552988
1553026
1553070
1553092
1553128
1553172
1553214
1553248
1553288
1553326
1553356
1553392
1553422
1553452
1553498
1553544
1553590
1553636
1553698
1553744
1553790
1553836
1553882
1553920
1554106
1554136
1555644
1555676
1555714
1556630
1555926
1555910
1556372
1556032
1556320
1556518
1555898
1556406
1556250
1556588
1556458
1556238
1556140
1556208
1556270
1555780
1556306
1556482
1556564
1556296
1556156
1556020
1555942
1556504
1556382
1556198
1555818
1555872
1555750
1556184
1556126
1556108
1556540
1556338
1556700
1556674
1556720
1556808
1559048
1557920
1557958
1557938
1557978
1558040
1559502
1559250
1557798
1558746
1558432
1559672
1557424
1557468
1557672
1557712
1557096
1558962
1557864
1557354
1557558
1557006
1559536
1557838
1557892
1559740
1557186
1556948
1559648
1556966
1558502
1559078
1559008
1558412
1557366
1559402
1558578
1557026
1558792
1557824
1558126
1558166
1559188
1558884
1558700
1557050
1558472
1557118
1558928
1559378
1558108
1558624
1559452
1558838
1558548
1556910
1559314
1558662
1556986
1556878
1557204
1557592
1557268
1557288
1559570
1559628
1559132
1559710
1559762
1559776
1559812
1559848
1559858
1559864
1559870
1559878
1559936
1559912
1559992
1560244
1560336
1560432
1560408
1560456
1560630
1560644
1560658
1560676
1560700
1560732
1560752
1560776
1560796
1560814
1560826
1560844
1560872
1560890
1560910
1561014
1560994
1560926
1560954
1560974
1561170
1561112
1561064
1561140
1561040
1561088
1561198
1561218
1561476
1561248
1561274
1561378
1561508
1561442
1561300
1561412
1561352
1561326
1561538
1561816
1561796
1561756
1561728
1561776
1561874
1561844
1561918
1561940
1561896
1562036
1562084
1561970
1562014
1561992
1562058
1562110
1562220
1562154
1562138
1562202
1562186
1562166
1562328
1562234
1562272
1562386
1562368
1562408
1562422
1562450
1563140
1563320
1563114
1563204
1562686
1562724
1562756
1562790
1562836
1562876
1562914
1562948
1562988
1563376
1563086
1563236
1563062
1563172
1563272
1563040
1563440
1563400
1563428
1563414
1563450
1563484
1563460
1563510
1563534
1563548
1563570
1563610
1563730
1563792
1563816
1563664
1563720
1563824
1563896
1563598
1563804
1563908
1564048
1564064
1563966
1563946
1564030
1564108
1564004
1564204
1564392
1564490
1564444
1564428
1564478
1564504
1565130
1564710
1564732
1564758
1564800
1565010
1565038
1564518
1565102
1564658
1564938
1565084
1565156
1564960
1564564
1565048
1564588
1564838
1565066
1564632
1564980
1565170
1564864
1564918
1565848
1565220
1565594
1565906
1565420
1566060
1565798
1565182
1565750
1565674
1565490
1565474
1565544
1565508
1565526
1565554
1565956
1565706
1565728
1566008
1566104
1566156
1566132
1566176
1566198
1566660
1566458
1566486
1566598
1566628
1566516
1566556
1566372
1566326
1566404
1566430
1566692
1566246
1566216
1566270
1566302
1566726
1566960
1566828
1566904
1566750
1566780
1566868
1566934
1566994
1567164
1567176
1567202
1567232
1567368
1567398
1567662
1567442
1567618
1567416
1567460
1567644
1567556
1567480
1567676
1567724
1567758
1567698
1567788
1567832
1567850
1567868
1567900
1567962
1568004
1568068
1568110
1568132
1568184
1568226
1568268
1568314
1568354
1568392
1568424
1568512
1568552
1568476
1568586
1568606
1568660
1568628
1568642
1568682
1568710
1568754
1568872
1568772
1568814
1568740
1568794
1568842
1569038
1568886
1568902
1568922
1569020
1569054
1569064
1569128
1569082
1569104
1569138
1569160
1569184
1569226
1569268
1569312
1569348
1569428
1569382
1569400
1569454
1569494
1569548
1569596
1569530
1569616
1569708
1569808
1569848
1569888
1569900
1570004
1570138
1570192
1570650
1570372
1570430
1570604
1570702
1570314
1570494
1570558
1570754
1570820
1571032
1571622
1571668
1571752
1571154
1571710
1570908
1570840
1570936
1571220
1571524
1570992
1571270
1570882
1571442
1571104
1571802
1571386
1571774
1571570
1571410
1571472
1571320
1571054
1570962
1572498
1572250
1572418
1572062
1571834
1572300
1572106
1571902
1572582
1571854
1572206
1572156
1571950
1572458
1572356
1572522
1572556
1571814
1572014
1573428
1573136
1573970
1572878
1573544
1572722
1573704
1573090
1572836
1573282
1572974
1573182
1573244
1573658
1573612
1572800
1572922
1573470
1573878
1573810
1573850
1573050
1573582
1572764
1573940
1573504
1572666
1572616
1573742
1573392
1573780
1573348
1573998
1573910
1573016
1573326
1574028
1574044
1574088
1574128
1574170
1574208
1574240
1574270
1574308
1574480
1574738
1574884
1574546
1574950
1575256
1575292
1575108
1575136
1575182
1575220
1575336
1575370
1575384
1575432
1575466
1575504
1575514
1575490
1575528
1575564
1575544
1575592
1575670
1575630
1575600
1575698
1575742
1575812
1575788
1575850
1575862
1575926
1575916
1576030
1575978
1575878
1576100
1576056
1576076
1576120
1576260
1576240
1576226
1576298
1576204
1576170
1576352
1577092
1576924
1577046
1576814
1576746
1576778
1576850
1576644
1576602
1576888
1576444
1576480
1576570
1576966
1577006
1576696
1576516
1577146
1577178
1577132
1577162
1577188
1577768
1577600
1577954
1577918
1577418
1577396
1577722
1577540
1577810
1577376
1577444
1577890
1577638
1578028
1577680
1577332
1577986
1577204
1577480
1578088
1577850
1577236
1578066
1577274
1577354
1577308
1578124
1578300
1578236
1578156
1578134
1578260
1578342
1578362
1578740
1578828
1578514
1578420
1578582
1578662
1578626
1578380
1578914
1578784
1578978
1579056
1579148
1579180
1579084
1579318
1579346
1579400
1579234
1579266
1579450
1579666
1579654
1579604
1579508
1579722
1580556
1580116
1580540
1580150
1580178
1580500
1580074
1580274
1579928
1579814
1580460
1580480
1580322
1580350
1579868
1579978
1579950
1579750
1580572
1580600
1580628
1580656
1580710
1580798
1580850
1580880
1581538
1581498
1581312
1581352
1581398
1581110
1581140
1580910
1581206
1580940
1581226
1581456
1581570
1581720
1581690
1581600
1581902
1581930
1581886
1581744
1581766
1581826
1581630
1581660
1581988
1582018
1582048
1582532
1583102
1583058
1583120
1583086
1582830
1583072
1582656
1583412
1583040
1583266
1583556
1583586
1583600
1583652
1583682
1583712
1583742
1583772
1583828
1583862
1583892
1583956
1584098
1584212
1584242
1584308
1584428
1584378
1584406
1584346
1584448
1584934
1585026
1584642
1585038
1584946
1585182
1585140
1585222
1585080
1585006
1585292
1585096
1585122
1585060
1585236
1585334
1585368
1585568
1585694
1584968
1584902
1585652
1584870
1585712
1585598
1584840
1585844
1590026
1586164
1589406
1588958
1588978
1589018
1589042
1588642
1588526
1587752
1587784
1586130
1587462
1590314
1590336
1590390
1590046
1590098
1585934
1585874
1586222
1587474
1587250
1589524
1589588
1586012
1588058
1588098
1590162
1586326
1586102
1585984
1590130
1588158
1589072
1589102
1589420
1589464
1587536
1587570
1588196
1585744
1585790
1586202
1589132
1589164
1588768
1588286
1586072
1587140
1588828
1586048
1587504
1587356
1590422
1590454
1587844
1585820
1588384
1588416
1588494
1589948
1589994
1587272
1587326
1585912
1587164
1587220
1590234
1590282
1586248
1588128
1589338
1589376
1585962
1586284
1588324
1588700
1588738
1588544
1589696
1589720
1589754
1589772
1589794
1589842
1589884
1589918
1589494
1589194
1586364
1589212
1586408
1587378
1587432
1587716
1588582
1589600
1586422
1587052
1588256
1588798
1587082
1587112
1589250
1588612
1589280
1587944
1587910
1588028
1588880
1588928
1590802
1590832
1590528
1590558
1590616
1590962
1590594
1590922
1591084
1591114
1591012
1591042
1590874
1590644
1590742
1590772
1591160
1591310
1591250
1591220
1591280
1591190
1591340
1591436
1591712
1591742
1591802
1591772
1591622
1591652
1591682
1591892
1591832
1592042
1591922
1592012
1591982
1591862
1591952
1592144
1592340
1592406
1592310
1592370
1592174
1592114
1592200
1592250
1593854
1593914
1592792
1593744
1593880
1593418
1592892
1592806
1592868
1593474
1592918
1593534
1593686
1593398
1592954
1593506
1593460
1592908
1592548
1593028
1593272
1593382
1592976
1592668
1592730
1593654
1592518
1592938
1593776
1592746
1593822
1593002
1592698
1593712
1592578
1592638
1592608
1593434
1593554
1593602
1593926
1593990
1594086
1594182
1594150
1594054
1593958
1594022
1594118
1594338
1594306
1594370
1594242
1594274
1594466
1594484
1594434
1594402
1594532
1594558
1594590
1594928
1594746
1594768
1594800
1595012
1594658
1595292
1595346
1595044
1595076
1595140
1595172
1595268
1595236
1595368
1595108
1595204
1595482
1595610
1595690
1595630
1595386
1595546
1595706
1595418
1595514
1595578
1595450
1595812
1595716
1596204
1595780
1595908
1596156
1595876
1596288
1595940
1595844
1595748
1596248
1596340
1596594
1596462
1596666
1596560
1596652
1596416
1596528
1596490
1596676
1596790
1596832
1596874
1596774
1596696
1596714
1596896
1596942
1596974
1597146
1597246
1597022
1597056
1597340
1597354
1597690
1597576
1597848
1598754
1598168
1598008
1598520
1598458
1597932
1598640
1598306
1598378
1597816
1598234
1597892
1598084
1598866
1598786
1598818
1598898
1598930
1598962
1598994
1599122
1599058
1599026
1599090
1599210
1599314
1599342
1599376
1599176
1599526
1599228
1599262
1599618
1599602
1599540
1599640
1599674
1599434
1599464
1599498
1599726
1599874
1599938
1599986
1599842
1599974
1599746
1599810
1599962
1599906
1599948
1599778
1600008
1600028
1600124
1600092
1600060
1600170
1600222
1600280
1600326
1600358
1600372
1600294
1600450
1600418
1600386
1600488
1600520
1600552
1600590
1600604
1600574
1600620
1600684
1600652
1600766
1600840
1600734
1600702
1600914
1601010
1600882
1600978
1601186
1601090
1601058
1601122
1601154
1601218
1601250
1601282
1601330
1601398
1601560
1601440
1601472
1601414
1601504
1601428
1601650
1601762
1601618
1601674
1601792
1601824
1601918
1601934
1602308
1602036
1602076
1602144
1602300
1602020
1602256
1602236
1602098
1602178
1602324
1602004
1601958
1601984
1602334
1601888
1601856
1602398
1602454
1602418
1602346
1602432
1602366
1602384
1602440
1602582
1602598
1602630
1602680
1602468
1602490
1602522
1602730
1602842
1602874
1602762
1602794
1602926
1602994
1603020
1603026
1603054
1603060
1603092
1603116
1621492
1612106
1612150
1612948
1610142
1633140
1611846
1611882
1604894
1615108
1615170
1632394
1632440
1627156
1627020
1627084
1638810
1621072
1604452
1608000
1608026
1614842
1608346
1634026
1605534
1605598
1635322
1635362
1615558
1621276
1610650
1610706
1613352
1613406
1628650
1614270
1637250
1624036
1627678
1605264
1636334
1639182
1611306
1611568
1611604
1638388
1636412
1615598
1615642
1622314
1622382
1636228
1607804
1608834
1608894
1633582
1633636
1618446
1626482
1629858
1632228
1632262
1620578
1618812
1606680
1606732
1630682
1635712
1618064
1634970
1635018
1633494
1633534
1619208
1619250
1613468
1610034
1610084
1608146
1618354
1618396
1634780
1634836
1604056
1607286
1607322
1613168
1613222
1627542
1627606
1604610
1621184
1621226
1608962
1639380
1639328
1626322
1626398
1613820
1613866
1603178
1630078
1630126
1603970
1608638
1608684
1633866
1624784
1624858
1608060
1618200
1618238
1637666
1613536
1613580
1616204
1636978
1613920
1636392
1638670
1638736
1633200
1633236
1612202
1615036
1604434
1637966
1627770
1627844
1605414
1620746
1613770
1637712
1637760
1632494
1619772
1609110
1609152
1633040
1633086
1611976
1612012
1617536
1617400
1603248
1612490
1612538
1623636
1623678
1639416
1619490
1619532
1623466
1623504
1636256
1630956
1613632
1614532
1614588
1612404
1615770
1615820
1623550
1609486
1609534
1628748
1628786
1609590
1614722
1614778
1621648
1621696
1638272
1638326
1603276
1633280
1607366
1627434
1616548
1614458
1619442
1623374
1630022
1610934
1610986
1611024
1608390
1608422
1608462
1608506
1607486
1605446
1631998
1605284
1624602
1615370
1635074
1634502
1634538
1639014
1617936
1617996
1628218
1631438
1612594
1636850
1630320
1630380
1616268
1616322
1609886
1636034
1616824
1616878
1617244
1617276
1616940
1616452
1616496
1632072
1632120
1609348
1609390
1634632
1634674
1626092
1619346
1619390
1612056
1632342
1607840
1607886
1616384
1606562
1620808
1620852
1633428
1604818
1611070
1637816
1610564
1634900
1605114
1636154
1603224
1629734
1629792
1619680
1619722
1631012
1631048
1621752
1635996
1606360
1632304
1632806
1623886
1618704
1618754
1629474
1626868
1607406
1607442
1629930
1629972
1636906
1636938
1606030
1606076
1621870
1621918
1607126
1608184
1608208
1607542
1607596
1638010
1638054
1617316
1635894
1604748
1622730
1628438
1639474
1615694
1620980
1621022
1622196
1612856
1612898
1615240
1604368
1618502
1618540
1625292
1616038
1604762
1619058
1618974
1619012
1630182
1604496
1617844
1611790
1614170
1614216
1609778
1609828
1634264
1634336
1617584
1617616
1605164
1608738
1608782
1615474
1615504
1610830
1610878
1611456
1615942
1615986
1639448
1608278
1608308
1622092
1622140
1632714
1632756
1631182
1631218
1620904
1624940
1603138
1608240
1617656
1616096
1616146
1612308
1612352
1613980
1614036
1620114
1620168
1604972
1632554
1632600
1616596
1616630
1624276
1638590
1635962
1605922
1634724
1631092
1604110
1620470
1620520
1617500
1606986
1606792
1621400
1621442
1619300
1634582
1616998
1617040
1603204
1636446
1613116
1629570
1629614
1623102
1623144
1610770
1630448
1603154
1633698
1635600
1635652
1616672
1611368
1611408
1613690
1613726
1617692
1623948
1623988
1636080
1616786
1605514
1615878
1630864
1630906
1636758
1636800
1638106
1634416
1636664
1632862
1632914
1637014
1637050
1637150
1637196
1614330
1614390
1637574
1637616
1612780
1612684
1612728
1639308
1622978
1622606
1622664
1639348
1631528
1631570
1635148
1635202
1619888
1619956
1638482
1638532
1627926
1629008
1615316
1615330
1618586
1604274
1630598
1630636
1610368
1634086
1634138
1629158
1629212
1608090
1608114
1605794
1605854
1624418
1624506
1637898
1637928
1631358
1631394
1636568
1636612
1609440
1620298
1620348
1639248
1628832
1637094
1614652
1633766
1633812
1631716
1631764
1614912
1614970
1633340
1633380
1631902
1631946
1629342
1629404
1632654
1610452
1610504
1616710
1616744
1625116
1625200
1605670
1607042
1607080
1625936
1626010
1635464
1635502
1620032
1637520
1637432
1637472
1604196
1606482
1606518
1636130
1628318
1628374
1617428
1617460
1623728
1626696
1626778
1611648
1623250
1623308
1611230
1611264
1628106
1628158
1638164
1638214
1613032
1613070
1618284
1607658
1615394
1615416
1624092
1624180
1635548
1634198
1609202
1606918
1606948
1617090
1625712
1608558
1608594
1623786
1623832
1628920
1628960
1632176
1611926
1611698
1611740
1632974
1617352
1639488
1639088
1639136
1620642
1620690
1629062
1629106
1638920
1638968
1604630
1606130
1607732
1607764
1635778
1635832
1605430
1619582
1629666
1620406
1603910
1605040
1636304
1636480
1625532
1625618
1622458
1607940
1633926
1633972
1623194
1621974
1614100
1635410
1635264
1628542
1628592
1631820
1606244
1606298
1610260
1610310
1629274
1617740
1617788
1631620
1622854
1622912
1620230
1613284
1630814
1627266
1627346
1631262
1630734
1630770
1639516
1639536
1639576
1639604
1639630
1639638
1639662
1639714
1639680
1639740
1639752
1639792
1639828
1639870
1639914
1639968
1640006
1640044
1640130
1640104
1640156
1640190
1640272
1640316
1640364
1640476
1640412
1640568
1640628
1640680
1640716
1640762
1640790
1640858
1640930
1640978
1641108
1641044
1641144
1641004
1641280
1641300
1641244
1641194
1641264
1641212
1641908
1641868
1641926
1641782
1641348
1641436
1641522
1641608
1641696
1641964
1642246
1642356
1642316
1641984
1642114
1642000
1642342
1642016
1642386
1642576
1642596
1642530
1642552
1642618
1642502
1642648
1642696
1642744
1642766
1642786
1642820
1642896
1642836
1643010
1642946
1643138
1643238
1643172
1643382
1643318
1643428
1643480
1643460
1643470
1643640
1643672
1643766
1643908
1643720
1775918
1644086
1644060
1644050
1644074
1776088
1776230
1776290
1644098
1644132
1644166
1644224
1644380
1644286
1644262
1644246
1644394
1644300
1644316
1644272
1644464
1644200
1644212
1644514
1644584
1644654
1776438
1776448
1776430
1776356
1776478
1776420
1776412
1776392
1776458
1776468
1776324
1776544
1776486
1776574
1776598
1776520
1776632
1776972
1777682
1777828
1776762
1776794
1776942
1777336
1777386
1777504
1777550
1777788
1777204
1776660
1777894
1777994
1776842
1777938
1778032
1777726
1777104
1777148
1777620
1777436
1778244
1778950
1778510
1778758
1778120
1778306
1778622
1778568
1778692
1778874
1778408
1778458
1778054
1778170
1778354
1644712
1644800
1644886
1644918
1644926
1644964
1644976
1645112
1645276
1644992
1645008
1645228
1645508
1645390
1645448
1645030
1645048
1645332
1645178
1645016
1645830
1645702
1646104
1645584
1645812
1645902
1645570
1645968
1645628
1645664
1646006
1645614
1646086
1645932
1646068
1646048
1646122
1645854
1645952
1645600
1645876
1646152
1645758
1645690
1646032
1645986
1645722
1646138
1645640
1646210
1646176
1646194
1646252
1646268
1646228
1646304
1646324
1646422
1646286
1646378
1646484
1646504
1646576
1646522
1646590
1646624
1646632
1646658
1646726
1646752
1646786
1646814
1646860
1646894
1647306
1647122
1647140
1647242
1647292
1647200
1647020
1646920
1647340
1647220
1647262
1646982
1647038
1647178
1646962
1647102
1647324
1647080
1646944
1647000
1647160
1647374
1647358
1647060
1647276
1647664
1647404
1647436
1647884
1647906
1647930
1648038
1648652
1648688
1648808
1648842
1648876
1648910
1648964
1649024
1649066
1649134
1649188
1649222
1649296
1649348
1649366
1649516
1649536
1649450
1649378
1649584
1649558
1649646
1649734
1649754
1650062
1649862
1649958
1650084
1650134
1650168
1650182
1650204
1650286
1650302
1650320
1650356
1650342
1650364
1650398
1650432
1650442
1650476
1650532
1650510
1650728
1650544
1650602
1651056
1650632
1650762
1650796
1650694
1650572
1650976
1651016
1650938
1650902
1650866
1650830
1650662
1651138
1651096
1651236
1651592
1651498
1651202
1651360
1651322
1651392
1651304
1651440
1651418
1651272
1651546
1651170
1652084
1651790
1652278
1651694
1652112
1651890
1652202
1651726
1651828
1652048
1651664
1652238
1651996
1651916
1651752
1651860
1652154
1651944
1653390
1652414
1653492
1653046
1652912
1653840
1655006
1654652
1652542
1654442
1652300
1653234
1652788
1655400
1654084
1652668
1655266
1655542
1655676
1655818
1655852
1655886
1656022
1656146
1656328
1656286
1656308
1656378
1656352
1656420
1656450
1656580
1656712
1656852
1657006
1657130
1657262
1657396
1657538
1657664
1657700
1657760
1657810
1657844
1657890
1657912
1657878
1657936
1657970
1658004
1658050
1658084
1658118
1658152
1658186
1658606
1658258
1658432
1658408
1658666
1658358
1658282
1658508
1658558
1658532
1658308
1658582
1658382
1658642
1658458
1658482
1658232
1658332
1658706
1658770
1658850
1658874
1658826
1658964
1658932
1658998
1658900
1659118
1659038
1659060
1659088
1659278
1659182
1659326
1659230
1659146
1659840
1659456
1659416
1659790
1659364
1659708
1659882
1659530
1659864
1659484
1659390
1659560
1659738
1659674
1659872
1659816
1659620
1660062
1659920
1659506
1660028
1659980
1660012
1659590
1659630
1659950
1659764
1660098
1660148
1660124
1660390
1660446
1660368
1660346
1660172
1660302
1660492
1660234
1660324
1661618
1660660
1661424
1661652
1661580
1661386
1660874
1661786
1661192
1660552
1661234
1661094
1661116
1661496
1660780
1660674
1661156
1660538
1660798
1661350
1660942
1661936
1661634
1660698
1661868
1661310
1661460
1661546
1661274
1661040
1661064
1660904
1661002
1661736
1662000
1661970
1662032
1662248
1662150
1662100
1662328
1662522
1662534
1662546
1662594
1662640
1662684
1779028
1662732
1662784
1662814
1662832
1662854
1662870
1662902
1662954
1663002
1663032
1663082
1663120
1663150
1663196
1663266
1663348
1663434
1663494
1663556
1663604
1663654
1663690
1663734
1663776
1663820
1663870
1663958
1664000
1664044
1664096
1664146
1664186
1664232
1664348
1664280
1664332
1664388
1664402
1664564
1664596
1664630
1664664
1664698
1664946
1664782
1664980
1665048
1665160
1665178
1665110
1665056
1665230
1665240
1665262
1665280
1665292
1666626
1666664
1666702
1666740
1666778
1666816
1666854
1666896
1666938
1666980
1667022
1667064
1665666
1665704
1665742
1665780
1665818
1665856
1665894
1665936
1665978
1666020
1666062
1666104
1665322
1665342
1665362
1665382
1666146
1666184
1666222
1666260
1666298
1666336
1666374
1666416
1666458
1666500
1666542
1666584
1665402
1665422
1665442
1665462
1665482
1665502
1665522
1665542
1667106
1667140
1667180
1667218
1667254
1667288
1667330
1665562
1665582
1665600
1665618
1665642
1667384
1667374
1667416
1667406
1667394
1667584
1667484
1667464
1667608
1667532
1667512
1667436
1667568
1667624
1667656
1667684
1668158
1667708
1667908
1668368
1668528
1669006
1668554
1668756
1669218
1669380
1669394
1669442
1669532
1669556
1669576
1669676
1669708
1669820
1669842
1669872
1669904
1670016
1670328
1670144
1670306
1670216
1670246
1670294
1670128
1670180
1670226
1670198
1670344
1670170
1670118
1670272
1670370
1670458
1670392
1670482
1670410
1670422
1670444
1670502
1670640
1670626
1670522
1670666
1670564
1670534
1670606
1670578
1670548
1670594
1670828
1670704
1670780
1670904
1670858
1670950
1670996
1671174
1671076
1671198
1671278
1671386
1671366
1671416
1671402
1671430
1671518
1671640
1671626
1671652
1671682
1671696
1671708
1671734
1671828
1671958
1673152
1673236
1673024
1673438
1674362
1672988
1674290
1674470
1671992
1672028
1672512
1672916
1673660
1673714
1674254
1674326
1674398
1672952
1673474
1673604
1673624
1674434
1674644
1675090
1675232
1675260
1675948
1676086
1676624
1677960
1676722
1677100
1677480
1675794
1678064
1674946
1674806
1674506
1678880
1679210
1678294
1678732
1679550
1678386
1678686
1678196
1678098
1679348
1679848
1679882
1679944
1680168
1680220
1680270
1680350
1680402
1680450
1680674
1680724
1680824
1681032
1681170
1681078
1681370
1681416
1681506
1681704
1681752
1681802
1682042
1682086
1682120
1682154
1682198
1682504
1682544
1682578
1682612
1682928
1682962
1683248
1683298
1683332
1683366
1683400
1683434
1683468
1683502
1683536
1683570
1683604
1683638
1684124
1683934
1684280
1684532
1684010
1684364
1684162
1683782
1684574
1683858
1683972
1684406
1683820
1684238
1683896
1684616
1684048
1683706
1683744
1684322
1684448
1684200
1684490
1684086
1684658
1683672
1684692
1684726
1684760
1684794
1684816
1684870
1684950
1685252
1684984
1685096
1685366
1685176
1686178
1685136
1685214
1685328
1685290
1685404
1685776
1685432
1686102
1686140
1686216
1686332
1686250
1686276
1686396
1686430
1686714
1686734
1686674
1686754
1686694
1686826
1686488
1686928
1686874
1686774
1686984
1687018
1687052
1687270
1687702
1687750
1687784
1687846
1687896
1687946
1688376
1688428
1688462
1688496
1688984
1689018
1689062
1689096
1689154
1689188
1689222
1689256
1689290
1689324
1689358
1689392
1689426
1689460
1689494
1689528
1689562
1689596
1689648
1689682
1689726
1689774
1689828
1689862
1689904
1689948
1689990
1690040
1690158
1690216
1690484
1690518
1690552
1690644
1690626
1690596
1690676
1690710
1690844
1690832
1690930
1691378
1691026
1691202
1690744
1691290
1691114
1691466
1691500
1691610
1691526
1691690
1692718
1691998
1691746
1692136
1692258
1692482
1691872
1692990
1693274
1693368
1693046
1693658
1693982
1693716
1693846
1694124
1694220
1694262
1694174
1694794
1695418
1694340
1695008
1694886
1694450
1696554
1694706
1695210
1694572
1695686
1695794
1696120
1696220
1694296
1696656
1696698
1696840
1696746
1696934
1696984
1697032
1697092
1697134
1697168
1697226
1697282
1697388
1697446
1697338
1697508
1697564
1697598
1697632
1697666
1697732
1697716
1697700
1697794
1697746
1697812
1697914
1697850
1698008
1698028
1698060
1698078
1698088
1698096
1698108
1698124
1698240
1698224
1698256
1698296
1698342
1698532
1698376
1698598
1698442
1698516
1698656
1698724
1698690
1698758
1698988
1699046
1699122
1699246
1698800
1698834
1698888
1699306
1699442
1699374
1699408
1699340
1699476
1699496
1699592
1699924
1699792
1699744
1699822
1699856
1699958
1699890
1699710
1699640
1699674
1699992
1699544
1700026
1700114
1700158
1700062
1700192
1700226
1700278
1700330
1700378
1702020
1700514
1700412
1701170
1701234
1701304
1701336
1701388
1701478
1701586
1701618
1701682
1701708
1701120
1701812
1700598
1700698
1700748
1700778
1700806
1700858
1700884
1700994
1700548
1700944
1700648
1701044
1701864
1701916
1701968
1700464
1701760
1702072
1702106
1702140
1702208
1702242
1702276
1702310
1702344
1702370
1702426
1702384
1703850
1703874
1703740
1703182
1702456
1702500
1702528
1702576
1702608
1702984
1703090
1702794
1702866
1702938
1702732
1702716
1702670
1703128
1703800
1703432
1705356
1704518
1704586
1704712
1704028
1704096
1704204
1705460
1703338
1705616
1705056
1705128
1705258
1703486
1703288
1705510
1705412
1703382
1704794
1704974
1705566
1703236
1704280
1704452
1705682
1705712
1705748
1706010
1706914
1706566
1706606
1706658
1706766
1705788
1705928
1706190
1705670
1706214
1706972
1706510
1707132
1707024
1706842
1707252
1707734
1707300
1707478
1707326
1707424
1707954
1707996
1708266
1708408
1708532
1708578
1708626
1709886
1709802
1709746
1709778
1709854
1709446
1709910
1709496
1709030
1709940
1709650
1709372
1708672
1708720
1709578
1708976
1709528
1709992
1710038
1710080
1710318
1710542
1710340
1710134
1710272
1710560
1710612
1710660
1710706
1714610
1710850
1713332
1713412
1713438
1713480
1713526
1713308
1710914
1710758
1713612
1711576
1711322
1713564
1711072
1711168
1713278
1711930
1712818
1711952
1711824
1710998
1711258
1714966
1715024
1715084
1715114
1715158
1715204
1715254
1715288
1715340
1715410
1715994
1716026
1716076
1716576
1716670
1716512
1716212
1716372
1717142
1716962
1717060
1716926
1717202
1717386
1717556
1717474
1717236
1717252
1717572
1717626
1717670
1717702
1779046
1717736
1717818
1718052
1717860
1717940
1718076
1718110
1718144
1718178
1718212
1718242
1718256
1718290
1718310
1718358
1718682
1718772
1718420
1718550
1718592
1718842
1718808
1728532
1730774
1733026
1733338
1728668
1728682
1728702
1725486
1719346
1725272
1733412
1731494
1726058
1720320
1729124
1729304
1729346
1729380
1729442
1729416
1730734
1729584
1729600
1729806
1729840
1729866
1729892
1729504
1728588
1733578
1732996
1725378
1730838
1731374
1728628
1722892
1728556
1723722
1722414
1733172
1732856
1728606
1732382
1733214
1733154
1733312
1730446
1729002
1732930
1728720
1729550
1730210
1729912
1722530
1733362
1730800
1733056
1727486
1731952
1732602
1733102
1731384
1721474
1732826
1733556
1720098
1732910
1733082
1732882
1733532
1727122
1731734
1733488
1733130
1733184
1724274
1724912
1719452
1722300
1721148
1721356
1733288
1733438
1731516
1733512
1726888
1733382
1723540
1720724
1733254
1732950
1728136
1728348
1732980
1725848
1728650
1725100
1732958
1720544
1732172
1720788
1727004
1718986
1733458
1724074
1722120
1726706
1733596
1733848
1733886
1733908
1733970
1734062
1734176
1734230
1734636
1734682
1734826
1734878
1734772
1734544
1734580
1734612
1734248
1734366
1734096
1734410
1734514
1734120
1734148
1734966
1735014
1735000
1735064
1735108
1737664
1735898
1738266
1738718
1738776
1735142
1739288
1741880
1740222
1742402
1739900
1739946
1739726
1739664
1740170
1743772
1741568
1741386
1738974
1742784
1742214
1742292
1742316
1740604
1740672
1740768
1742736
1741106
1741148
1740998
1739152
1742838
1743262
1743312
1741586
1741638
1739088
1738956
1744268
1741026
1738898
1743830
1741832
1744324
1744390
1741164
1741214
1741252
1741524
1741442
1743646
1741780
1743898
1738852
1739022
1739250
1738934
1739110
1740280
1739176
1739134
1743706
1744204
1739198
1741702
1739000
1739050
1741338
1738918
1738870
1739340
1739226
1743182
1743240
1736120
1736494
1738112
1736942
1738822
1738842
1744996
1744754
1744824
1744944
1744774
1745066
1744880
1744700
1735154
1737298
1737888
1736718
1735304
1735526
1737084
1738492
1737512
1735748
1736342
1745236
1745134
1745156
1745384
1745466
1745500
1745706
1745768
1745792
1745848
1745882
1745936
1745652
1745970
1746478
1746496
1746260
1746322
1746432
1746380
1746004
1746122
1746240
1746540
1746574
1746672
1746742
1746768
1746714
1746796
1746830
1746902
1746942
1746994
1746854
1747038
1747072
1747086
1747120
1747812
1747656
1747478
1747920
1747566
1747304
1747394
1748022
1748056
1748226
1748130
1748114
1748274
1748306
1748178
1748146
1748098
1748242
1748290
1748162
1748258
1748194
1748210
1748352
1748404
1748506
1779082
1779154
1779244
1779278
1779368
1779402
1779526
1779560
1779686
1779720
1779754
1748604
1748526
1748676
1748710
1748744
1748754
1748766
1748858
1748792
1748946
1748994
1749064
1749028
1749098
1749124
1749142
1749162
1749248
1753012
1753102
1750830
1750880
1756016
1756054
1749482
1749526
1756910
1751838
1751884
1757160
1758352
1756566
1756392
1756342
1757748
1750752
1750780
1753154
1753236
1749334
1749356
1756806
1756860
1757630
1749700
1754668
1754702
1756616
1756660
1749576
1749610
1755248
1755198
1749198
1756710
1756756
1750044
1750084
1758624
1758654
1758738
1749406
1749432
1754246
1754300
1755286
1755330
1750930
1750966
1749896
1749918
1750232
1750276
1754480
1754522
1753458
1753494
1751760
1751788
1754752
1754792
1754830
1757854
1752784
1752844
1755832
1755872
1755656
1755694
1749750
1749774
1756940
1751210
1751240
1754880
1755030
1754912
1755000
1754960
1755064
1755118
1757518
1754086
1754116
1756492
1756516
1751572
1751626
1752668
1752732
1758078
1758102
1758030
1755922
1755966
1749968
1749994
1753544
1753608
1754350
1749660
1758234
1758296
1752896
1752960
1749824
1749846
1758456
1758484
1758560
1753658
1753708
1750492
1750532
1755744
1755782
1750582
1750622
1757046
1751676
1751710
1755478
1755508
1753886
1753930
1756144
1756184
1752454
1752538
1756104
1749284
1757502
1756234
1756266
1751118
1751158
1755168
1755558
1755606
1751488
1751522
1751934
1751976
1754572
1754618
1752116
1752162
1755380
1755428
1757388
1757274
1754396
1754430
1758802
1758824
1758876
1758004
1752214
1752288
1751016
1751068
1754164
1754196
1751392
1751438
1756316
1752590
1752618
1750672
1750702
1750414
1750442
1752026
1752066
1758164
1750134
1750182
1753980
1754032
1756412
1756442
1753758
1753836
1750326
1750364
1753288
1753406
1751292
1751342
1752340
1752402
1759118
1759154
1759190
1759196
1759206
1759240
1759276
1759300
1759318
1759362
1759376
1759406
1759436
1759464
1759478
1759498
1759516
1759534
1759562
1759570
1759596
1759612
1759638
1759674
1759706
1759738
1759756
1759786
1759824
1759868
1759904
1758932
1758968
1759016
1759058
1759086
1759954
1759988
1760028
1760086
1760122
1760156
1760190
1760208
1760236
1760260
1760278
1760354
1760388
1760470
1760504
1760538
1760572
1760600
1760678
1760712
1760794
1760770
1760894
1760952
1760928
1760964
1761076
1761104
1761138
1761172
1761298
1761328
1761352
1779914
1779952
1780080
1780122
1780158
1780170
1780216
1780334
1780398
1780362
1780432
1780506
1780560
1780616
1788956
1780630
1780660
1780726
1780782
1780792
1780824
1780866
1780920
1780934
1781254
1781370
1781446
1781238
1781202
1781278
1781318
1781514
1781480
1781100
1781568
1781422
1781220
1781346
1781174
1781536
1781124
1781138
1781394
1781010
1781026
1781604
1781592
1781616
1781632
1781646
1781968
1781982
1781954
1781796
1782008
1788990
1789038
1789126
1789206
1789284
1789326
1789372
1782032
1782198
1782136
1782232
1782256
1782282
1782292
1782418
1782504
1782598
1782608
1782618
1782628
1782676
1782780
1782794
1782816
1782870
1782848
1782992
1782888
1782958
1782902
1782980
1783010
1782916
1782968
1783026
1783046
1783058
1783078
1783120
1783138
1783176
1783284
1783196
1783228
1783250
1783210
1783270
1783302
1783158
1783314
1783536
1783556
1783334
1783456
1783352
1783498
1783682
1783380
1783658
1783396
1783614
1783468
1783444
1783632
1783412
1783596
1783428
1783366
1783706
1783576
1783730
1783762
1783748
1783822
1783800
1783780
1783840
1783860
1783896
1783920
1783904
1783952
1783988
1784012
1784120
1784090
1784048
1784156
1784258
1784288
1784326
1784374
1784382
1784420
1784496
1784604
1784756
1784718
1784642
1784458
1784680
1784870
1785022
1784984
1785168
1784832
1785130
1784946
1784908
1784794
1785060
1785098
1785206
1785234
1785308
1785364
1785288
1785270
1785252
1785326
1785390
1785528
1785644
1785550
1785598
1785436
1785408
1785458
1785496
1785682
1785734
1785756
1785820
1785900
1785920
1785930
1786014
1786144
1786110
1786076
1786178
1786212
1786268
1786300
1786306
1786312
1786320
1786328
1786344
1786360
1786376
1786392
1786720
1786484
1786642
1786564
1786600
1786468
1786678
1786754
1786786
1786814
1786842
1786858
1787232
1786936
1787490
1787004
1787160
1787416
1787084
1787322
1786874
1787584
1787874
1787926
1787840
1787722
1787646
1787976
1788034
1788230
1788242
1788254
1788288
1788308
1788388
1788416
1788268
1788438
1788580
1788560
1788768
1788788
1788866
1790234
1789768
1789798
1789870
1790168
1790036
1789974
1789440
1789472
1789526
1790318
1790376
1789592
1789620
1789690
1790102
1790282
1788890
1790552
1790618
1790636
1790694
1790708
1790676
1790730
1790664
1790756
1790794
1791000
1790912
1790860
1791068
1791106
1791128
1951412
1791140
1791164
1951424
1791190
1791250
1791266
1791234
1791284
1791300
1951436
1951484
1951510
1951566
1951614
1951684
1951710
1951728
1951754
1791316
1791468
1791384
1791360
1791434
1791520
1791548
1791502
1791562
1791700
1791722
1791750
1791782
1791854
1791898
1791914
1791876
1791932
1792034
1792042
1792068
1792110
1878238
1878218
1878270
1878286
1878330
1878734
1878750
1878870
1878880
1878980
1879048
1879138
1879158
1879172
1879196
1879252
1879374
1879644
1879714
1879828
1879778
1879876
1879922
1879938
1880028
1880122
1880218
1880312
1880278
1880350
1880370
1880384
1880396
1880416
1880426
1880438
1880478
1880588
1880548
1880646
1880712
1880726
1880738
1880764
1880780
1880802
1880820
1880838
1880868
1880898
1951784
1880914
1880944
1881130
1881184
1881258
1881332
1881378
1951848
1951890
1951960
1952010
1952150
1952268
1952192
1952314
1952088
1952120
1952162
1952204
1952236
1952282
1952420
1952328
1952390
1952360
1952484
1952452
1952516
1881400
1881460
1881538
1881554
1881578
1952674
1952736
1952536
1952822
1952594
1881636
1881832
1881852
1881868
1881996
1882014
1882034
1882074
1882048
1882096
1882112
1882136
1882378
1882182
1882256
1882350
1882418
1882486
1882462
1953200
1882938
1882956
1953022
1953100
1953252
1953326
1953348
1882514
1882592
1882668
1882774
1953378
1882868
1882982
1883002
1883012
1883028
1883068
1883160
1883252
1883278
1883348
1883430
1883496
1883526
1883560
1883588
1883622
1883638
1883726
1883806
1883836
1883890
1883964
1884048
1884112
1884064
1884210
1884174
1884262
1884276
1884340
1884412
1884526
1884702
1884632
1884680
1884750
1884792
1884852
1884934
1885026
1885038
1885096
1885196
1885220
1885240
1885262
1885310
1885348
1885414
1885426
1885474
1885494
1885516
1885566
1885584
1885630
1885690
1885810
1885756
1885962
1885888
1885838
1888426
1888292
1888258
1886014
1886168
1886226
1886306
1886396
1886464
1886584
1886756
1886870
1886940
1887084
1887202
1887300
1887422
1887570
1887622
1887734
1887832
1887916
1887974
1888028
1888132
1888188
1888578
1888622
1888696
1888728
1888752
1888832
1888854
1888910
1889014
1889044
1889146
1889102
1889584
1889346
1889224
1889466
1889634
1889684
1889758
1889846
1889898
1889956
1890022
1890098
1890164
1890226
1890292
1890442
1890388
1890322
1890546
1890606
1890886
1890952
1890676
1890834
1890772
1891040
1953394
1953458
1953518
1891076
1891138
1891214
1891288
1891370
1891476
1891444
1891514
1891634
1891616
1891714
1891730
1891780
1891868
1891904
1891970
1892082
1892304
1892340
1892516
1892476
1892444
1892460
1892752
1892656
1892584
1892704
1892738
1892794
1892812
1892890
1893070
1893176
1892970
1893334
1893396
1893274
1893736
1893580
1893550
1893666
1953562
1893808
1893822
1893872
1893906
1893964
1953594
1953610
1894094
1894044
1894246
1894200
1894150
1894292
1894352
1894366
1894462
1894408
1894522
1894536
1894588
1894632
1894738
1894684
1894796
1953660
1953762
1953914
1953732
1954048
1953694
1894944
1895042
1895110
1895146
1895190
1895214
1895234
1895286
1895352
1895434
1895526
1895616
1954150
1895698
1895714
1895778
1895744
1895798
1895830
1895920
1896008
1896048
1896138
1896220
1896310
1896348
1896388
1896414
1896438
1896504
1896530
1896582
1896610
1896670
1896694
1896760
1896862
1896888
1896952
1896962
1896988
1897056
1897042
1897200
1897106
1954244
1954324
1954374
1954472
1954692
1954798
1897250
1897266
1897282
1897296
1897348
1897426
1897438
1897460
1897474
1897544
1897624
1897696
1954950
1954894
1955014
1955094
1955260
1955372
1955290
1897826
1897870
1897776
1897810
1898224
1897894
1897948
1898072
1898122
1898208
1898362
1898298
1898318
1898408
1898480
1898542
1898644
1898844
1898750
1898974
1898924
1899028
1899078
1899194
1955508
1899266
1899278
1899328
1899310
1899378
1899424
1899466
1899522
1899588
1899974
1900030
1899892
1899932
1900064
1900138
1900218
1900280
1900356
1900376
1900410
1900470
1900444
1900512
1900546
1900628
1900702
1900786
1900862
1900946
1900980
1901020
1901110
1901178
1901252
1901312
1901396
1901472
1901558
1901642
1901718
1901772
1901932
1901954
1901982
1901826
1902024
1902132
1902146
1902048
1902160
1902210
1902370
1902384
1902396
1902410
1902424
1902654
1902676
1902530
1902698
1903032
1903052
1903072
1903096
1902734
1903120
1903266
1903412
1903476
1903554
1903676
1903690
1903704
1903806
1903824
1903738
1903852
1903952
1903976
1904000
1904024
1904072
1904182
1904198
1904214
1904230
1904246
1904296
1904342
1904562
1904578
1904594
1904610
1904626
1904642
1905116
1905132
1905148
1905164
1905180
1905196
1905212
1904742
1905228
1905474
1905464
1905410
1905630
1905642
1905654
1905666
1905548
1905678
1905736
1905762
1905802
1905914
1905958
1906012
1906058
1906160
1906224
1906306
1906376
1906452
1906518
1906558
1906640
1906666
1906750
1906784
1948086
1955630
1955696
1906806
1906952
1907018
1907170
1907138
1907210
1907102
1906980
1907054
1907082
1906888
1907344
1906924
1907234
1907318
1907366
1907412
1955720
1907598
1907640
1907740
1907804
1907900
1907966
1908036
1908012
1908064
1908136
1908208
1908264
1908316
1908370
1908428
1908490
1908534
1908596
1908656
1908748
1908790
1908844
1908928
1908966
1909010
1909050
1909100
1909166
1909214
1909254
1909394
1909334
1909386
1909584
1909536
1909482
1909618
1909718
1909794
1909926
1909974
1909944
1910098
1910040
1910066
1910116
1910184
1910250
1910296
1910388
1910438
1910506
1910524
1910542
1910620
1910608
1910686
1910814
1910946
1911068
1911094
1911184
1911244
1911326
1911394
1911368
1911474
1911496
1911536
1911486
1911454
1911464
1911568
1911550
1911698
1911798
1911814
1911630
1911600
1911716
1912000
1912034
1912102
1912298
1912162
1912284
1912206
1912190
1912322
1912338
1912406
1912472
1912534
1912600
1912650
1912694
1912802
1912856
1912902
1913474
1912970
1913660
1913388
1913308
1913548
1913118
1913804
1913832
1914052
1913906
1914018
1914044
1914146
1914206
1914256
1914278
1914354
1914430
1914488
1914538
1914564
1914664
1914828
1914840
1914874
1914898
1914976
1915082
1915276
1915484
1915688
1915702
1915790
1915860
1915906
1915920
1915934
1915966
1915998
1916048
1916082
1916134
1916154
1916192
1916270
1916296
1916366
1916378
1916390
1916472
1916484
1916502
1916576
1916610
1916660
1916712
1916754
1916806
1916884
1916922
1916958
1916980
1917230
1917122
1917162
1917072
1917198
1917058
1917260
1917142
1917108
1917176
1917092
1917014
1917036
1917414
1917320
1917302
1917382
1917284
1917440
1917520
1917552
1917574
1917602
1917722
1917848
1917986
1918010
1918170
1918320
1918144
1918242
1918416
1918394
1918456
1918648
1918540
1918716
1918874
1918926
1919090
1919028
1919018
1919218
1918948
1918998
1919008
1919324
1919154
1919432
1919474
1919482
1919492
1919506
1919516
1919542
1919594
1919648
1919704
1919778
1919716
1919748
1919818
1919862
1919982
1920022
1920108
1920152
1920176
1920248
1920276
1920364
1920422
1920446
1920498
1920766
1920842
1920876
1920900
1920928
1920942
1921032
1920978
1920960
1920998
1921062
1921072
1921128
1921188
1921250
1921310
1921368
1921416
1921498
1921546
1921598
1921650
1921696
1921738
1921774
1921812
1921880
1921960
1921998
1922054
1922116
1922160
1922192
1922242
1922300
1922360
1922438
1922498
1922538
1922572
1922608
1922650
1922706
1922728
1922766
1922822
1922836
1922842
1922872
1922904
1922992
1922958
1923026
1923052
1923088
1923148
1923118
1923180
1923224
1923316
1923364
1923422
1923474
1923526
1923572
1923546
1923588
1923618
1923634
1923660
1923680
1923706
1923742
1923772
1923814
1923960
1923828
1923976
1924008
1924024
1924114
1924232
1924272
1924326
1924358
1924408
1924444
1924496
1924534
1924582
1924612
1924646
1924722
1924762
1924902
1924858
1924924
1924880
1924814
1924836
1924946
1925004
1925094
1925186
1925270
1925338
1925424
1925502
1925614
1925700
1925726
1925788
1925856
1925952
1925966
1926046
1926152
1926174
1926266
1926298
1926348
1926356
1926364
1926370
1926398
1926474
1926618
1926666
1926676
1926688
1926748
1926770
1926824
1926900
1926978
1927018
1927030
1927040
1927054
1927082
1927092
1927228
1927172
1927270
1927318
1927338
1927378
1927430
1927538
1927610
1927652
1927660
1927670
1927684
1927700
1927716
1927800
1927910
1927962
1928044
1928022
1928062
1928086
1928196
1928316
1928400
1928420
1928440
1928474
1928586
1928704
1928718
1928908
1928730
1928918
1928956
1928934
1929056
1929124
1929192
1929270
1929254
1929286
1929372
1955796
1929466
1929510
1929486
1929556
1929628
1929668
1929756
1929726
1929804
1929836
1929886
1929954
1929996
1929972
1930028
1930052
1930096
1930112
1930168
1930184
1930208
1930222
1930236
1930270
1930340
1930378
1930352
1930470
1930404
1930558
1930672
1930632
1930584
1930610
1930828
1930912
1930978
1931236
1930746
1931476
1931670
1931362
1931410
1931444
1931600
1931966
1931930
1932076
1932102
1932422
1932048
1932602
1932912
1933082
1933162
1933346
1933304
1933518
1933836
1933376
1934014
1934322
1934490
1934600
1934792
1934846
1934818
1934766
1934874
1934902
1934932
1934950
1935068
1935080
1935590
1935404
1935470
1935510
1935090
1935254
1935344
1935100
1935160
1935624
1935652
1935206
1935372
1935232
1935684
1935576
1935318
1935496
1935442
1935712
1935758
1935820
1935872
1935864
1935880
1936018
1935928
1936066
1936282
1936292
1936346
1936982
1937098
1937030
1937118
1937216
1937256
1937284
1937364
1937374
1938034
1938212
1938298
1938388
1938660
1938532
1938790
1939028
1938994
1938958
1939078
1939218
1939260
1942236
1939528
1939346
1941964
1939282
1940008
1942520
1940914
1940028
1939750
1939380
1943258
1939898
1939512
1940560
1941386
1940630
1940496
1940700
1939440
1939408
1942542
1941058
1942564
1939828
1940272
1941436
1940808
1939622
1941706
1939666
1942760
1942988
1942898
1941668
1940840
1939642
1939308
1942330
1942848
1939552
1941340
1942016
1941300
1943234
1940084
1940432
1942712
1939478
1942108
1941148
1942618
1942502
1943040
1941846
1941564
1943186
1941492
1941236
1943132
1941268
1940362
1940872
1940724
1940966
1943210
1943166
1939692
1942436
1939576
1940056
1939602
1940780
1940162
1940752
1941768
1942182
1944246
1944180
1943858
1943760
1944106
1943972
1943930
1943568
1944042
1943646
1943900
1943592
1943322
1943452
1943834
1943510
1943806
1944132
1943484
1944064
1943994
1944204
1944270
1943728
1943534
1943670
1943694
1944314
1944354
1944374
1944406
1944498
1944526
1944628
1944692
1944590
1944668
1944552
1944734
1944804
1944852
1944920
1945002
1945114
1945180
1945230
1945286
1945326
1945410
1945664
1946068
1946126
1946216
1946322
1946340
1946450
1946986
1947034
1947092
1947170
1947212
1947272
1947320
1947410
1947520
1947560
1947644
1947700
1947746
1947832
1947922
1947962
1948008
1948066
1948078
1945640
1948100
1946854
1948122
1948138
1948162
1948186
1948208
1948232
1948246
1948264
1948284
1948308
1948340
1948358
1948396
1948416
1948450
1948470
1948508
1948550
1948568
1948594
1948620
1948656
1948692
1948710
1948736
1948754
1946438
1948764
1948782
1948802
1948828
1948940
1949052
1949112
1949232
1949322
1949432
1949542
1949610
1949716
1949764
1949886
1949958
1950022
1950122
1950226
1950290
1950392
1950460
1950510
1950604
1950708
1950772
1950818
1950886
1950950
1951006
1951044
1951164
1951206
1951232
1951310
1951366
1956178
1956210
1956916
1956804
1957104
1956972
1957066
1956742
1956858
1957152
1956942
1957272
1957012
1956610
1956704
1956668
1957236
1957306
1957194
1956570
1957340
1957400
1957476
1957678
1957614
1957738
1957804
1957840
1957940
1957910
1957874
1958078
1958138
1958250
1957972
1958038
1958172
1958222
1958340
1958288
1958394
1958432
1958492
1958600
1958664
1958526
1958574
1958706
1958946
1959006
1959114
1958786
1958834
1959044
1959072
1958860
1958914
1959262
1959226
1959144
1959178
1958746
1959304
1959360
1959444
1959626
1959692
1959506
1959550
1959736
1959808
1959568
1959608
1959986
1959940
1959898
1959858
1960034
1960134
1960192
1960228
1960092
1960272
1960428
1960330
1960390
1960534
1960576
1960620
1960678
1960710
1960488
1960758
1960798
1960854
1960972
1960888
1960914
1960944
1961014
1961048
1961106
1961516
1961558
1961442
1961490
1961282
1961330
1961208
1961258
1961142
1961186
1961578
1961356
1961410
1961614
1961650
1961702
1962676
1962740
1962436
1962500
1962076
1962136
1962780
1962842
1962248
1962308
1963210
1962344
1962402
1961826
1961876
1961994
1962046
1963136
1963184
1962174
1962222
1961900
1961958
1962540
1962620
1961732
1961792
1962992
1963076
1962880
1962948
1963248
1963298
1963334
1963394
1963430
1963346
1963382
1963442
1963532
1963664
1963720
1963610
1963570
1963494
1963760
1963806
1964232
1963830
1964400
1964482
1964820
1964262
1964342
1963856
1964110
1964168
1964204
1964702
1964736
1964784
1964538
1964602
1963900
1963946
1964006
1964040
1964086
1964670
1964640
1964908
1964960
1965022
1965164
1965222
1965258
1965320
1965062
1965126
1965358
1964868
1965400
1965430
1965492
1965740
1965696
1965606
1965650
1965786
1965532
1965580
1965962
1965852
1965918
1965818
1965998
1966204
1966080
1966154
1966024
1966232
1966264
1966808
1966890
1966328
1966394
1966440
1966646
1966738
1967080
1967164
1966516
1966592
1966466
1967032
1966950
1967002
1967222
1967256
1967300
1967594
1967658
1967478
1967548
1967798
1967836
1967966
1967698
1967850
1967888
1967902
1967946
1967334
1967746
1967370
1967436
1968036
1968104
1968148
1968214
1968588
1968492
1968552
1968256
1968328
1968376
1968446
1968012
1968614
1968642
1968692
1968720
1968750
1969166
1969226
1969262
1969066
1969128
1968966
1969028
1968874
1968932
1968786
1968842
1969334
1969300
1969370
1969396
1969436
1969544
1969454
1969510
1969572
1969618
1969998
1970040
1971326
1969920
1969696
1970620
1970712
1969738
1970140
1970232
1970058
1970940
1971032
1969822
1971100
1970780
1970872
1969864
1969904
1970300
1970392
1969656
1969782
1970460
1970552
1970098
1969958
1971142
1971186
1971268
1971428
1971546
1971684
1971634
1971584
1971406
1971452
1971510
1971608
1971658
1971374
1971746
1971718
1971820
1971776
1971914
1971964
1972018
1971938
1972046
1971866
1972134
1972096
1972174
1972228
1972284
1972354
1972306
1972440
1972504
1972890
1972760
1972664
1972702
1972800
1972844
1972546
1972616
1972378
1972954
1973076
1972986
1973042
1973110
1973158
1973208
1973246
1973330
1973286
1973376
1973430
1973506
1973728
1973560
1973586
1973778
1973830
1973614
1973670
1973886
1973920
1974388
1974462
1974182
1974246
1974136
1974844
1974744
1974796
1974638
1974512
1974690
1974574
1974014
1974066
1973966
1974092
1974284
1974348
1974880
1974914
1975242
1974956
1975060
1975710
1975526
1975666
1975150
1975000
1975306
1975370
1975122
1975568
1975610
1975412
1975480
1975180
1975746
1975806
1975890
1976538
1975948
1976076
1976290
1976178
1976232
1976638
1976346
1976444
1976700
1976784
1977562
1977270
1977356
1977144
1977218
1976748
1976922
1976978
1976822
1976884
1977624
1977420
1977502
1977010
1977088
1977592
1977724
1978796
1978850
1977860
1977932
1978662
1978714
1979008
1978034
1977824
1978602
1978642
1977756
1978744
1978522
1978572
1978090
1978156
1978878
1978902
1978282
1978344
1978982
1977980
1978382
1978464
1978198
1978252
1977790
1977674
1979936
1980036
1979378
1979334
1979792
1979876
1979130
1980112
1980208
1979220
1979476
1979530
1979566
1979604
1979670
1979424
1980280
1979714
1979764
1979174
1979276
1979060
1980432
1980352
1980580
1980514
1980708
1980760
1980888
1980966
1981020
1981074
1980788
1980850
1980648
1981246
1981172
1981208
1981136
1981284
1981336
1982080
1981418
1981490
1981610
1981690
1981944
1981540
1981586
1982102
1981744
1981808
1981978
1982014
1982034
1981376
1981850
1981908
1982156
1982190
1982248
1982382
1982280
1982342
1982418
1982446
1982502
1982822
1982536
1982608
1982732
1982788
1982868
1982658
1982706
1982938
1983002
1983146
1983230
1983434
1983504
1983292
1983374
1983044
1983106
1983552
1982898
1983594
1983994
1984056
1983860
1983940
1984186
1984096
1984154
1983746
1983816
1983636
1983702
1984230
1984280
1984500
1984554
1984616
1984318
1984358
1984442
1984672
1984842
1984748
1984808
1984724
1984868
1984928
1984990
1985048
1985108
1985142
1985178
1985940
1985808
1985542
1985918
1985284
1985492
1985342
1985862
1985392
1985658
1985444
1985214
1985260
1985578
1985702
1985766
1986054
1985616
1985312
1985964
1986020
1986092
1986140
1986218
1986270
1986300
1986190
1986330
1986362
1986396
1986426
1986488
1986528
1986576
1986598
1986640
1986660
1986780
1986828
1986854
1986736
1986692
1987028
1986938
1986996
1986900
1987068
1987098
1987138
1987154
1987198
1987218
1987258
1987274
1987306
1987434
1987344
1987402
1987474
1987532
1987584
1987724
1987614
1987680
1987820
1987870
1987898
1987784
1987936
1987988
1988082
1988042
1988136
1988164
1988370
1988434
1988222
1988268
1988476
1988292
1988344
1988192
1988554
1988674
1988628
1988590
1988506
1988724
1988832
1988764
1988898
1988940
1988986
1989278
1989064
1989134
1989178
1989240
1989024
1989326
1989564
1989630
1989868
1989924
1989956
1989484
1989536
1989672
1989744
1989376
1989442
1989792
1989842
1990052
1990096
1991820
1991886
1991520
1991580
1990114
1990172
1990368
1990418
1990956
1991008
1990274
1990332
1990532
1990586
1992078
1991280
1991334
1990446
1990502
1991424
1991484
1990618
1990678
1990204
1990252
1991616
1991676
1991198
1991252
1991928
1991994
1990716
1990770
1992036
1992056
1991036
1991088
1991116
1991170
1991362
1990876
1990928
1991712
1991778
1990802
1990850
1992132
1990008
1992200
1992404
1992448
1992248
1992298
1992362
1992468
1992178
1992492
1992520
1992576
1992610
1992672
1992712
1992742
1992776
1992812
1992872
1992928
1993236
1993292
1993752
1993408
1993464
1993666
1993722
1992962
1993014
1993322
1993378
1993580
1993636
1993494
1993550
1993044
1993110
1993154
1993206
1993838
1993904
1994548
1994454
1994514
1994042
1994106
1994144
1994206
1993944
1994006
1994246
1994294
1994320
1994400
1993814
1994574
1994612
1994700
1994806
1994752
1994652
1994918
1994958
1995308
1995222
1995264
1994974
1995016
1995034
1995088
1995120
1995182
1994856
1995444
1995500
1995570
1995618
1995372
1995692
1995736
1995862
1995928
1995968
1996032
1995792
1996070
1996116
1996468
1996520
1996594
1996158
1996238
1996612
1996662
1996730
1996686
1996394
1996444
1996550
1996292
1996356
1996774
1996948
1996992
1997038
1996822
1996896
1997088
1997112
1997160
1997318
1997384
1997186
1997238
1997268
1997620
1997428
1997496
1997538
1997592
1997292
1997646
1997676
1998136
1997918
1997766
1997852
1997984
1998022
1997720
1997808
1997884
1997950
1998062
1998098
1998168
1998208
1998248
1998266
1998396
1998470
1998360
1998508
1998434
1998308
1998562
1998592
1998646
1998816
1998678
1998758
1998848
1998896
1998974
1999030
1999082
1999202
1999148
1999252
1999304
1999362
2000070
2000130
1999804
2000164
2000226
1999842
1999926
1999972
2000034
2000262
2000322
1999398
1999468
1999658
1999744
2000356
1999516
1999600
1999882
2000458
2000560
2000508
2000410
2000610
2000644
2000714
2000758
2000794
2000844
2000904
2001072
2000942
2001020
2001124
2001168
2001214
2001262
2001330
2001372
2001422
2001466
2001512
2001558
2001624
2001664
2001712
2001768
2002112
2002168
2001798
2002276
2001920
2001830
2002218
2001874
2001970
2002052
2002334
2003010
2003070
2003104
2003140
2002826
2002490
2002552
2002874
2002924
2002980
2003186
2003288
2002592
2002626
2003312
2002662
2002714
2002782
2003224
2003246
2002740
2002376
2002446
2003404
2003356
2003490
2003554
2003592
2003658
2003698
2003746
2003858
2003768
2003826
2003454
2003896
2003920
2003980
2004018
2004224
2004268
2004286
2004162
2004206
2004088
2004138
2004044
2004556
2004368
2004426
2004458
2004520
2004332
2004656
2004594
2004720
2004760
2004820
2004854
2005006
2004924
2004976
2004896
2005068
2005036
2005140
2005190
2005252
2005164
2005292
2005102
2005346
2005396
2005424
2005332
2005440
2005472
2005510
2005570
2005528
2005542
2005586
2005646
2005708
2005748
2005800
2005998
2006048
2005900
2005960
2006076
2006126
2006208
2005830
2005876
2006154
2005620
2006236
2006262
2006290
2006324
2006528
2006596
2006678
2006442
2006406
2006484
2006638
2006360
2006726
2006774
2006832
2006946
2006866
2006918
2006996
2007060
2007110
2007134
2007200
2007328
2007238
2007296
2007394
2007368
2007422
2007452
2007514
2007858
2007692
2007550
2007610
2007646
2007740
2007812
2008078
2008102
2008000
2008050
2008176
2007942
2007982
2008150
2007890
2008230
2008286
2008332
2008376
2008398
2008356
2008502
2008554
2008712
2008584
2008610
2008684
2008456
2008760
2008820
2008868
2009020
2009078
2009262
2008894
2008968
2009110
2009170
2009204
2009244
2009356
2009404
2009426
2009478
2009504
2009324
2009576
2009538
2009670
2009616
2009768
2009974
2009810
2009854
2009902
2009924
2009726
2010018
2010200
2010150
2010060
2010116
2010244
2010326
2010444
2010466
2010516
2010370
2010418
2010540
2010284
2010582
2010628
2010732
2010796
2010944
2011056
2011142
2010838
2010902
2010676
2012076
2012122
2012340
2011828
2011904
2011412
2011520
2011954
2012028
2011222
2011330
2012184
2011602
2011728
2012386
2012232
2012276
2011200
2012410
2012474
2012626
2012682
2012516
2012582
2013012
2012862
2012930
2013050
2013112
2012976
2013152
2012744
2012814
2012712
2013270
2013314
2013386
2013436
2013512
2013564
2013228
2013186
2013608
2013636
2013666
2013710
2013798
2013756
2013890
2013842
2013940
2014006
2014052
2014100
2014234
2014260
2014316
2014346
2014288
2014168
2014414
2014510
2014674
2014744
2014950
2014908
2014788
2014828
2014608
2015160
2015088
2015198
2015054
2015124
2015018
2015236
2015288
2015442
2015502
2015376
2015420
2015540
2015342
2015626
2015708
2015768
2015808
2015576
2015890
2015860
2015922
2016048
2016130
2015964
2016210
2016238
2016268
2016318
2016174
2016422
2016356
2016530
2016586
2016822
2016702
2016758
2016788
2016858
2016616
2016672
2016490
2016900
2016938
2017004
2017044
2017084
2017116
2017150
2017182
2017268
2017360
2017516
2017604
2017984
2018062
2017426
2017484
2017668
2017758
2018116
2017824
2017916
2017216
2018170
2019002
2018840
2018672
2018718
2018310
2018388
2018966
2018188
2018260
2018890
2018910
2018864
2018440
2018528
2018932
2018742
2018802
2018594
2018644
2019022
2019070
2019164
2019202
2019218
2019120
2019298
2019360
2019628
2019674
2019400
2019470
2019518
2019584
2019264
2019710
2019894
2019974
2019752
2019836
2020174
2020254
2020032
2020116
2020312
2020478
2020422
2020356
2020546
2020578
2020646
2020722
2020684
2020760
2020612
2020796
2020828
2020862
2020912
2020996
2021056
2021136
2021192
2021244
2021284
2021326
2021342
2021372
2021382
2021402
2021500
2021592
2021656
2021676
2021692
2021704
2021728
2021750
2021768
2021788
2021826
2021858
2021900
2021922
2021962
2021982
2022002
2022036
2022148
2022160
2022172
2022326
2022358
2022384
2022428
2022444
2022468
2022476
2022490
2022588
2022680
2022696
2022730
2022748
2022784
2022798
2022820
2022830
2022870
2022910
2022974
2023264
2023012
2023068
2023146
2023204
2023102
2023306
2023490
2023560
2023698
2023754
2023786
2023378
2023446
2023606
2023664
2024016
2024068
2023910
2023974
2024098
2023860
2024208
2024286
2024478
2024690
2024720
2024568
2024530
2024608
2024636
2024342
2024396
2024428
2024150
2024780
2024810
2024884
2025774
2025854
2026240
2025270
2025046
2025628
2025714
2026342
2026408
2026026
2026056
2025200
2026534
2025362
2026126
2025534
2025594
2026094
2026182
2025242
2025330
2024914
2024974
2025428
2025494
2026492
2025908
2025944
2025012
2025160
2025394
2025082
2025132
2026452
2026290
2025988
2025300
2024842
2026600
2026664
2026702
2026764
2026578
2026788
2026878
2026956
2027012
2027068
2027132
2026828
2027184
2027222
2027246
2027272
2027312
2027686
2027754
2027574
2027642
2027798
2027866
2027350
2027418
2027910
2027978
2027462
2027530
2028022
2028074
2028128
2028264
2028634
2028224
2028520
2028570
2028390
2028466
2028326
2028156
2028186
2028746
2028924
2029038
2029094
2029348
2029418
2028806
2028878
2029590
2029128
2029190
2029466
2029502
2029552
2029230
2029300
2028980
2028686
2029652
2029730
2029794
2029856
2030010
2030046
2030120
2030158
2029896
2029966
2030278
2030728
2030792
2030830
2030872
2030426
2030476
2030388
2030916
2030960
2030614
2030682
2030504
2030570
2030332
2030224
2031016
2031038
2031062
2031124
2031180
2031238
2031358
2031300
2031340
2031422
2031458
2031514
2031544
2031616
2031662
2031700
2031766
2031822
2031908
2031852
2031976
2032042
2032096
2032286
2032314
2032214
2032240
2032126
2032182
2032448
2032382
2032516
2032552
2033422
2033484
2033164
2033220
2033524
2033554
2033636
2032886
2032938
2032964
2033032
2032804
2032858
2033074
2033130
2033336
2033390
2033604
2033254
2033306
2032714
2032772
2032632
2033726
2033960
2033766
2033858
2033908
2033832
2033808
2033674
2034066
2034234
2034152
2034178
2034478
2034128
2034422
2034292
2034346
2034096
2034014
2034532
2034768
2034576
2034646
2034694
2034742
2034858
2034912
2035922
2035990
2035122
2035690
2035510
2035576
2036208
2036036
2036078
2035620
2035666
2035764
2035856
2035160
2035248
2035726
2035314
2035370
2035086
2036164
2035404
2035468
2034944
2035026
2034814
2036286
2036840
2036702
2036756
2036624
2036676
2036482
2036564
2036320
2036356
2036430
2036898
2036784
2036254
2036932
2037012
2037070
2037112
2037156
2037178
2037202
2037760
2037812
2037924
2037866
2037986
2037894
2037494
2037550
2037842
2037384
2037450
2037242
2037326
2037584
2037640
2037674
2037728
2037954
2038028
2038208
2038380
2038436
2038250
2038294
2038348
2038070
2038150
2038546
2038594
2038480
2038526
2038616
2038650
2038716
2038686
2038748
2038814
2038796
2038872
2038942
2038990
2039050
2039084
2038834
2039150
2039124
2039178
2039220
2039264
2039336
2039384
2039424
2039474
2039500
2039566
2039608
2039674
2039716
2039790
2039840
2039868
2039894
2039984
2039936
2040012
2040044
2040078
2040148
2040190
2040210
2040282
2040406
2040464
2040354
2040330
2040526
2040576
2040626
2040720
2040550
2040654
2040698
2040490
2041118
2040856
2041066
2040984
2040898
2040952
2041024
2040816
2040758
2041214
2042478
2042422
2041760
2041846
2041386
2041440
2041708
2041972
2041590
2041662
2042520
2041472
2041544
2041252
2041908
2041952
2041292
2041350
2042008
2042564
2042230
2042310
2042140
2042198
2042046
2042106
2042368
2041178
2042642
2042678
2042602
2042750
2042808
2042922
2042868
2043132
2043200
2043332
2043242
2043298
2043030
2043092
2042978
2043434
2043386
2043484
2043538
2043600
2043568
2043686
2043634
2043740
2043794
2043878
2043824
2043934
2044010
2043988
2044034
2044266
2044328
2044352
2044374
2044452
